filename,driver
.\aaigrid\byte.tif.grd,AAIGrid
.\aaigrid\case_sensitive.ASC,AAIGrid
.\aaigrid\float64.asc,AAIGrid
.\aaigrid\nodata_float.asc,AAIGrid
.\aaigrid\nodata_int.asc,AAIGrid
.\aaigrid\nodata_nan.asc,AAIGrid
.\aaigrid\nonsquare.vrt,VRT
.\aaigrid\pixel_per_line.asc,AAIGrid
.\aaigrid\pixel_per_line_comma.asc,AAIGrid
.\aaigrid\starting_with_nan.asc,AAIGrid
.\adrg\SMALL_ADRG\ABCDEF01.GEN,ADRG
.\adrg\SMALL_ADRG\TRANSH01.THF,EDIGEO
.\adrg\SMALL_ADRG_ZNA18\ABCDEF01.GEN,ADRG
.\adrg\SMALL_ADRG_ZNA9\ABCDEF01.GEN,ADRG
.\adrg\subdataset\TRANSH01.THF,EDIGEO
.\adrg\subdataset\XXXXXX01.GEN,ADRG
.\aigrid\abc3x1,AIG
.\aigrid\ABC3X1UC,AIG
.\aigrid\aigrid_sta_24bytes\teststa,AIG
.\bsb\australia4c.kap,BSB
.\bsb\NZ52201_truncated.KAP,BSB
.\bsb\rgbsmall.kap,BSB
.\bsb\rgbsmall_index.kap,BSB
.\bsb\rgbsmall_truncated.kap,BSB
.\bsb\rgbsmall_truncated2.kap,BSB
.\bsb\rgbsmall_with_line_break.kap,BSB
.\bsb\transverse_mercator.kap,BSB
.\byn\cgg2013ai08_reduced.byn,BYN
.\byn\test_invalid_header_bytes.byn,BYN
.\byte.tif,GTiff
.\byte_nodata_0.tif,GTiff
.\ceos\IMAGERY-75K.L-3,CEOS
.\cpg\fakecpgSIRC.hdr,CPG
.\ctg\fake_grid_cell,CTG
.\dimap,DIMAP
.\dimap2\bundle,DIMAP
.\dimap2\primary_rpc_center_h\DIM_PNEO3_STD_x_1_1_F_1.XML,DIMAP
.\dimap2\primary_rpc_center_h\IMG_PNEO3_STD_x_1_1_F_1_P_R1C1.JP2,GTiff
.\dimap2\primary_rpc_center_h\RPC_PNEO3_STD_x_1_1_F_1.XML,DIMAP
.\dimap2\single_component,DIMAP
.\dimap2\vhr2020_ms_fs,DIMAP
.\doq1\fakedoq1.doq,DOQ1
.\doq2\C3607614_truncated.NWS,DOQ2
.\dted\n43_bad_crc.dt0,DTED
.\dted\n43_coord_inverted.dt0,DTED
.\dted\n43_partial_cols.dt0,DTED
.\dted\n43_sparse_cols.dt0,DTED
.\dted\n43_wgs72.dt0,DTED
.\dted\w118n033_trunc.dt1,DTED
.\e57\empty.e57,E57
.\e57\fake.e57,E57
.\e57\fake_two_images.e57,E57
.\ehdr\8s.vrt,VRT
.\ehdr\ehdr10.bil,EHdr
.\ehdr\ehdr10.hdr,AAIGrid
.\ehdr\ehdr11.flt,EHdr
.\ehdr\ehdr11.hdr,AAIGrid
.\ehdr\float32.bil,EHdr
.\ehdr\float32.prj,EHdr
.\ehdr\int16_rat.bil,EHdr
.\ehdr\int16_rat.clr,XYZ
.\ehdr\truncated.bin,EHdr
.\ehdr\wc_10m_CCCMA_A2a_2020_tmin_9.bil,EHdr
.\eir\fakeeir.hdr,EIR
.\envi\aea.dat,ENVI
.\envi\aea_compressed.dat,ENVI
.\envi\envirpc.img,ENVI
.\envi\envistat,ENVI
.\envi\envi_rgbsmall_bil.img,ENVI
.\envi\envi_rgbsmall_bip.img,ENVI
.\envi\envi_rgbsmall_bsq.img,ENVI
.\envi\rotation.img,ENVI
.\envi\testenviclasses,ENVI
.\envi\uint16_envi_bigendian.dat,ENVI
.\ers\8s.ers,ERS
.\ers\caseinsensitive.ers,ERS
.\ers\ers_dem.ers,ERS
.\ers\references_ecw.ers,ERS
.\ers\srtm.ers,ERS
.\esric\oversizedLOD\conf.xml,ESRIC
.\esric\oversizedLOD\root.json,ESRIC
.\esric\Usa.tpkx,ESRIC
.\esric\Usa_lod5.tpkx,ESRIC
.\f32nan_data.tif,GTiff
.\fast\h0o0y867.1ah,FAST
.\fast\HEADER.DAT,FAST
.\fast\L71118038_03820020111_HPN.FST,FAST
.\fast\L71230079_07920021111_HTM.FST,FAST
.\fast\n0o0y867.0fl,FAST
.\fast\w0y13a4t.010,FAST
.\filegdb\dem_1bit_ScalePixelValue.gdb,OpenFileGDB
.\filegdb\gdal_test_data.gdb.zip,OpenFileGDB
.\filegdb\int8.gdb,OpenFileGDB
.\filegdb\lu_4bit.gdb,OpenFileGDB
.\filegdb\NCH_ES_WATER_LOGGING_HAZARD.gdb,OpenFileGDB
.\filegdb\rat.gdb,OpenFileGDB
.\filegdb\water_lake_bathy_shaded_relief_only_metadata.gdb,OpenFileGDB
.\fits\offscale_byte.tif,GTiff
.\float32.tif,GTiff
.\float64.tif,GTiff
.\gdalg\read_byte.gdalg.json,GDALG
.\gdalg\read_poly.gdalg.json,GDALG
.\geoserver.wcs,WCS
.\gif\bug407.gif,GIF
.\gif\byte_with_xmp.gif,GIF
.\gif\fakebig.gif,GIF
.\gpkg\50000_25000_uint16.gpkg.zip,GPKG
.\gpkg\50000_50000_uint16.gpkg.zip,GPKG
.\gpkg\byte.gpkg,GPKG
.\gpkg\huge_line.tif,GTiff
.\gpkg\raster_and_vector.gpkg,GPKG
.\gpkg\test_match_overview_factor.gpkg,GPKG
.\gpkg\uint16-old-elevation-extension.gpkg,GPKG
.\grassasciigrid\grassascii.txt,GRASSASCIIGrid
.\grib\README.csv,CSV
.\gsc\fakegsc.gsc,GSC
.\gsg\gsg_7binary.grd,GS7BG
.\gsg\gsg_ascii.grd,GSAG
.\gsg\gsg_binary.grd,GSBG
.\gti\issue_13944\tile1_utm49s.tif,GTiff
.\gti\issue_13944\tile2_utm49s.tif,GTiff
.\gti\issue_13944\tile3_utm49s.tif,GTiff
.\gti\issue_13944\tile4_utm49s.tif,GTiff
.\gti\issue_13944\tiles_utm49s_new.gti.gpkg,GTI
.\gti\issue_13944\tiles_utm49s_old.gti.gpkg,GTI
.\gti\sentinel2_stac_geoparquet_proj_code.geojson,GeoJSON
.\gti\sentinel2_stac_geoparquet_proj_epsg.geojson,GeoJSON
.\gti\sentinel2_stac_geoparquet_proj_projjson.geojson,GeoJSON
.\gti\sentinel2_stac_geoparquet_proj_wkt2.geojson,GeoJSON
.\gti\tile-001-000.tif,GTiff
.\gti\tile-001-001.tif,GTiff
.\gti\tile-001.gti.gpkg,GTI
.\gtiff\byte_with_xmp.tif,GTiff
.\gtiff\int8.tif,GTiff
.\gtx\hydroc1.gtx,GTX
.\gxf\small.gxf,GXF
.\gxf\small2.gxf,GXF
.\hfa\251_head.dat,HFA
.\hfa\42BW_420730_VT2.aux,HFA
.\hfa\87test.img,HFA
.\hfa\bug_1109.img,HFA
.\hfa\dem10.img,HFA
.\hfa\esri_54049_pe_string_only_broken.img,HFA
.\hfa\F0116231.aux,HFA
.\hfa\fg118-91.aux,HFA
.\hfa\float.img,HFA
.\hfa\i8u_c_i.img,HFA
.\hfa\int.img,HFA
.\hfa\poc_14547.img,HFA
.\hfa\small1bit.img,HFA
.\hfa\small1bit.rrd,HFA
.\hfa\spill.img,HFA
.\hfa\spill.rrd,HFA
.\hfa\stateplane.vrt,VRT
.\icechunk\empty_repo,Icechunk
.\icechunk\empty_repo_uncompressed_repofile,Icechunk
.\icechunk\minimum,Icechunk
.\icechunk\missing_virtual_ref,Icechunk
.\icechunk\multi_chunks,Icechunk
.\icechunk\path_sorting,Icechunk
.\icechunk\physical_chunks,Icechunk
.\icechunk\regular_array_v1,Icechunk
.\icechunk\repo_branch_referring_invalid_snapshot\repo,Icechunk
.\icechunk\repo_offline\repo,Icechunk
.\icechunk\repo_tag_referring_invalid_snapshot\repo,Icechunk
.\icechunk\repo_two_branches_same_name\repo,Icechunk
.\icechunk\repo_two_tags_same_name\repo,Icechunk
.\icechunk\scalar_array,Icechunk
.\icechunk\scalar_array_v1,Icechunk
.\icechunk\sparse,Icechunk
.\icechunk\tag_selection,Icechunk
.\icechunk\test_icechunk_clunky_scalar_array,Icechunk
.\icechunk\test_icechunk_invalid_zstd\repo,Icechunk
.\icechunk\test_icechunk_manifests_not_referenced_in_snapshot,Icechunk
.\icechunk\test_icechunk_manifest_array_id_non_increasing,Icechunk
.\icechunk\test_icechunk_manifest_chunk_ref_compressed_location_fails,Icechunk
.\icechunk\test_icechunk_manifest_chunk_ref_compressed_location_uncompressed,Icechunk
.\icechunk\test_icechunk_manifest_chunk_ref_index_non_increasing,Icechunk
.\icechunk\test_icechunk_manifest_chunk_ref_index_not_same_dim,Icechunk
.\icechunk\test_icechunk_manifest_chunk_ref_inline_content_with_offset_length,Icechunk
.\icechunk\test_icechunk_manifest_chunk_ref_invalid_location,Icechunk
.\icechunk\test_icechunk_manifest_chunk_ref_invalid_offset_length,Icechunk
.\icechunk\test_icechunk_manifest_chunk_ref_location_uncompressed_beyond_file_size,Icechunk
.\icechunk\test_icechunk_manifest_chunk_ref_missing_info,Icechunk
.\icechunk\test_icechunk_manifest_chunk_ref_mutually_exclusive_info,Icechunk
.\icechunk\test_icechunk_manifest_inconsistent_chunk_ref_checksum_last_modified,Icechunk
.\icechunk\test_icechunk_manifest_inconsistent_chunk_ref_count,Icechunk
.\icechunk\test_icechunk_manifest_inconsistent_chunk_ref_dim,Icechunk
.\icechunk\test_icechunk_manifest_invalid,Icechunk
.\icechunk\test_icechunk_manifest_invalid_compression_alg,Icechunk
.\icechunk\test_icechunk_manifest_invalid_location_dictionary,Icechunk
.\icechunk\test_icechunk_manifest_mismatch_id_filename,Icechunk
.\icechunk\test_icechunk_manifest_missing,Icechunk
.\icechunk\test_icechunk_manifest_too_short,Icechunk
.\icechunk\test_icechunk_snapshot_from_0_to_0\repo,Icechunk
.\icechunk\test_icechunk_snapshot_from_0_to_2\repo,Icechunk
.\icechunk\test_icechunk_snapshot_from_1_to_1\repo,Icechunk
.\icechunk\test_icechunk_snapshot_inconsistent_dimension\repo,Icechunk
.\icechunk\test_icechunk_snapshot_invalid\repo,Icechunk
.\icechunk\test_icechunk_snapshot_invalid_id\repo,Icechunk
.\icechunk\test_icechunk_snapshot_invalid_path\repo,Icechunk
.\icechunk\test_icechunk_snapshot_manifest_id_non_increasing\repo,Icechunk
.\icechunk\test_icechunk_snapshot_manifest_v1_id_non_increasing\repo,Icechunk
.\icechunk\test_icechunk_snapshot_manifest_without_id\repo,Icechunk
.\icechunk\test_icechunk_snapshot_missing\repo,Icechunk
.\icechunk\test_icechunk_snapshot_missing_shape_v2\repo,Icechunk
.\icechunk\test_icechunk_snapshot_path_traversal\repo,Icechunk
.\icechunk\test_icechunk_snapshot_shape_v1_array_length_0\repo,Icechunk
.\icechunk\test_icechunk_snapshot_shape_v1_chunk_length_0\repo,Icechunk
.\icechunk\test_icechunk_snapshot_shape_v1_num_chunks_64bit\repo,Icechunk
.\icechunk\test_icechunk_snapshot_shape_v2_num_chunks_overflow\repo,Icechunk
.\icechunk\test_icechunk_snapshot_shape_v2_zero_num_chunks\repo,Icechunk
.\icechunk\test_icechunk_snapshot_too_many_chunks\repo,Icechunk
.\icechunk\test_icechunk_snapshot_too_short\repo,Icechunk
.\icechunk\virtual_ref_compressed,Icechunk
.\icechunk\virtual_ref_uncompressed,Icechunk
.\ilwis\LanduseSmall.mpr,ILWIS
.\ilwis\real_store_value_domain.mpr,ILWIS
.\int16.tif,GTiff
.\int32.tif,GTiff
.\iris\fakeiris.dat,IRIS
.\iris\iristest.dat,IRIS
.\isce\isce.slc,ISCE
.\isg\approx_georeferencing_auto_corrected.isg,ISG
.\isg\approx_georeferencing_rejected_by_default.isg,ISG
.\isg\approx_georeferencing_warning.isg,ISG
.\isg\header_dms.isg,ISG
.\isg\header_larger_than_1024bytes.isg,ISG
.\isg\test.isg,ISG
.\isis2\arvidson_original_truncated.cub,ISIS2
.\isis3\FC21B0037339_15142232818F1C_3bands_truncated.cub,ISIS3
.\isis3\isis3_detached.lbl,ISIS3
.\isis3\isis3_geotiff.lbl,ISIS3
.\isis3\isis3_geotiff.tif,GTiff
.\isis3\isis3_obliquecylindrical.cub,ISIS3
.\isis3\isis3_pointperspective.cub,ISIS3
.\isis3\isis3_unit_test.cub,ISIS3
.\jdem\fakejdem.mem,JDEM
.\jpeg\12bit_rose_extract.jpg,JPEG
.\jpeg\albania.jpg,JPEG
.\jpeg\arcgis_geodataxform_gcp.jpg,JPEG
.\jpeg\arcgis_metadata_geodataxform_gcp.jpg,JPEG
.\jpeg\black_with_white_exif_ovr.jpg,JPEG
.\jpeg\bogus.jpg,JPEG
.\jpeg\byte_corrupted.jpg,JPEG
.\jpeg\byte_corrupted2.jpg,JPEG
.\jpeg\byte_corrupted3.jpg,JPEG
.\jpeg\byte_lossless.jpg,JPEG
.\jpeg\byte_with_xmp.jpg,JPEG
.\jpeg\byte_with_xmp_before_soc.jpg,JPEG
.\jpeg\dji\DJI_M3T.JPG,JPEG
.\jpeg\DNG_and_EXIF_same_values.jpg,JPEG
.\jpeg\DNG_CameraSerialNumber_and_DNG_UniqueCameraModel.jpg,JPEG
.\jpeg\exif_orientation\F1.asc,AAIGrid
.\jpeg\exif_orientation\F1.jpg,JPEG
.\jpeg\exif_orientation\F2.asc,AAIGrid
.\jpeg\exif_orientation\F2.jpg,JPEG
.\jpeg\exif_orientation\F3.asc,AAIGrid
.\jpeg\exif_orientation\F3.jpg,JPEG
.\jpeg\exif_orientation\F4.asc,AAIGrid
.\jpeg\exif_orientation\F4.jpg,JPEG
.\jpeg\exif_orientation\F5.asc,AAIGrid
.\jpeg\exif_orientation\F5.jpg,JPEG
.\jpeg\exif_orientation\F6.asc,AAIGrid
.\jpeg\exif_orientation\F6.jpg,JPEG
.\jpeg\exif_orientation\F7.asc,AAIGrid
.\jpeg\exif_orientation\F7.jpg,JPEG
.\jpeg\exif_orientation\F8.asc,AAIGrid
.\jpeg\exif_orientation\F8.jpg,JPEG
.\jpeg\flir\FLIR.jpg,JPEG
.\jpeg\flir\FLIR_16bit.jpg,JPEG
.\jpeg\flir\flir_embedded.jpg,JPEG
.\jpeg\flir\Image_thermique_de_l_emission_d_un_radiateur_a_travers_un_mur.jpg,JPEG
.\jpeg\masked.jpg,JPEG
.\jpeg\pix4d_xmp_crs_vertcs_ellipsoidal.jpg,JPEG
.\jpeg\pix4d_xmp_crs_vertcs_orthometric.jpg,JPEG
.\jpeg\rgbsmall_rgb.jpg,JPEG
.\jpeg\rgb_ntf_cmyk.jpg,JPEG
.\jpeg\uint16_lossless.jpg,JPEG
.\jpeg\vophead.jpg,JPEG
.\jpeg2000\DIM_md_ple.XML,DIMAP
.\jpeg2000\DIM_md_pneo.XML,DIMAP
.\jpeg2000\RPC_md_ple.XML,DIMAP
.\jpeg2000\RPC_md_pneo.XML,DIMAP
.\jpeg2000\utm_inspire_tg_oi.xml,GML
.\jpegxl\byte.jxl,JPEGXL
.\jpegxl\exif_orientation\F1.jxl,JPEGXL
.\jpegxl\exif_orientation\F2.jxl,JPEGXL
.\jpegxl\exif_orientation\F3.jxl,JPEGXL
.\jpegxl\exif_orientation\F4.jxl,JPEGXL
.\jpegxl\exif_orientation\F5.jxl,JPEGXL
.\jpegxl\exif_orientation\F6.jxl,JPEGXL
.\jpegxl\exif_orientation\F7.jxl,JPEGXL
.\jpegxl\exif_orientation\F8.jxl,JPEGXL
.\jpegxl\five_bands.jxl,JPEGXL
.\jpegxl\float16.jxl,JPEGXL
.\jpegxl\huge_xmp_compressed_box.jxl,JPEGXL
.\jpegxl\test.jxl.bin,JPEGXL
.\jpegxl\threeband_non_rgb.jxl,JPEGXL
.\kml,LIBKML
.\l1b\n12gac8bit_truncated_ysize_0_1band.l1b,L1B
.\lan\fakelan.lan,LAN
.\lan\fakelan4bit.lan,LAN
.\lcp\test_FARSITE_UTM12.LCP,LCP
.\lcp\test_USGS_LFNM_Alb83.lcp,LCP
.\leveller\ter6test.ter,Leveller
.\loslas\wyhpgn.los,LOSLAS
.\mbtiles\byte.mbtiles,MBTiles
.\mbtiles\byte_jpeg.mbtiles,MBTiles
.\mbtiles\field_type_from_values.mbtiles,MBTiles
.\mbtiles\world_l1.mbtiles,MBTiles
.\mbtiles\world_l1_webp.mbtiles,MBTiles
.\mff\bytemff.hdr,MFF
.\mff\fakemff.hdr,MFF
.\mff\fakemfftiled.hdr,MFF
.\mff2\bytemff2,MFF2
.\miramon\all_nodata\nodata.img,MiraMonRaster
.\miramon\all_nodata\nodataI.rel,MiraMonRaster
.\miramon\lineage\int_2x3_6_RLE.img,MiraMonRaster
.\miramon\lineage\int_2x3_6_RLEI.rel,MiraMonRaster
.\miramon\multiband,ESRI Shapefile
.\miramon\normal,ESRI Shapefile
.\miramon\palettes\Categorical\Assigned,ESRI Shapefile
.\miramon\palettes\Categorical\Assignedp25\byte_2x3_6_categs.img,MiraMonRaster
.\miramon\palettes\Categorical\Assignedp25\byte_2x3_6_categsI.rel,MiraMonRaster
.\miramon\palettes\Categorical\Assignedp25\MDE16.P25,XYZ
.\miramon\palettes\Categorical\Assignedp65\byte_2x3_6_categs.img,MiraMonRaster
.\miramon\palettes\Categorical\Assignedp65\byte_2x3_6_categsI.rel,MiraMonRaster
.\miramon\palettes\Categorical\Assignedp65\MDE16.p65,XYZ
.\miramon\palettes\Categorical\AssignedPAL\byte_2x3_6_categs.img,MiraMonRaster
.\miramon\palettes\Categorical\AssignedPAL\byte_2x3_6_categsI.rel,MiraMonRaster
.\miramon\palettes\Categorical\AssignedPAL\MDE16.PAL,XYZ
.\miramon\palettes\Categorical\Automatic\byte_2x3_6_categs.img,MiraMonRaster
.\miramon\palettes\Categorical\Automatic\byte_2x3_6_categsI.rel,MiraMonRaster
.\miramon\palettes\Categorical\ThematicLessColors,ESRI Shapefile
.\miramon\palettes\Categorical\ThematicNoDataBeg,ESRI Shapefile
.\miramon\palettes\Categorical\ThematicNoDataEnd,ESRI Shapefile
.\miramon\palettes\Categorical\ThematicNoDataMiddle,ESRI Shapefile
.\miramon\palettes\Categorical\ThematicNoREL,ESRI Shapefile
.\miramon\palettes\Constant\byte_2x3_6_categs.img,MiraMonRaster
.\miramon\palettes\Constant\byte_2x3_6_categsI.rel,MiraMonRaster
.\miramon\palettes\Constant\integer_2x3_6_categs.img,MiraMonRaster
.\miramon\palettes\Constant\integer_2x3_6_categsI.rel,MiraMonRaster
.\miramon\palettes\Constant\real_2x3_6_categs.img,MiraMonRaster
.\miramon\palettes\Constant\real_2x3_6_categsI.rel,MiraMonRaster
.\miramon\palettes\Continous\ColorTable,ESRI Shapefile
.\miramon\palettes\Continous\DBF_nodata_end,ESRI Shapefile
.\miramon\palettes\Continous\LinearLogSimbo,ESRI Shapefile
.\miramon\rat_or_ct,ESRI Shapefile
.\miramon\several_errors,ESRI Shapefile
.\miramon\subdatasets,ESRI Shapefile
.\mrf\deflate\byte.mrf,MRF
.\mrf\jpeg\byte.mrf,MRF
.\mrf\jpeg\byte.pjg,JPEG
.\mrf\lerc\byte.lrc,LERC
.\mrf\lerc\byte.mrf,MRF
.\mrf\lerc_v1\byte.lrc,LERC
.\mrf\lerc_v1\byte.mrf,MRF
.\mrf\none\byte.mrf,MRF
.\mrf\png\byte.mrf,MRF
.\mrf\png\byte.ppg,PNG
.\mrf\tif\byte.mrf,MRF
.\mrf\tif\byte.ptf,GTiff
.\n43.dt0,DTED
.\n43.tif,GTiff
.\n43d-sd.tif,GTiff
.\ndf\LE7134052000500350.H3,NDF
.\netcdf\melb-small.tif,GTiff
.\netcdf\trmm-wgs84.tif,GTiff
.\netcdf\trmm.tif,GTiff
.\netcdf-sg\write-tests\cf1.8_states.json,GeoJSON
.\netcdf-sg\write-tests\empty_mline_write_test.json,GeoJSON
.\netcdf-sg\write-tests\empty_multipolygon_write_test.json,GeoJSON
.\netcdf-sg\write-tests\empty_polygon_write_test.json,GeoJSON
.\netcdf-sg\write-tests\line3D_write_test.json,GeoJSON
.\netcdf-sg\write-tests\line_write_test.json,GeoJSON
.\netcdf-sg\write-tests\multiline3D_write_test.json,GeoJSON
.\netcdf-sg\write-tests\multiline_write_test.json,GeoJSON
.\netcdf-sg\write-tests\multipoint3D_write_test.json,GeoJSON
.\netcdf-sg\write-tests\multipoint_write_test.json,GeoJSON
.\netcdf-sg\write-tests\multipolygon3D_no_ir_write_test.json,GeoJSON
.\netcdf-sg\write-tests\multipolygon3D_write_test.json,GeoJSON
.\netcdf-sg\write-tests\multipolygon_no_ir_write_test.json,GeoJSON
.\netcdf-sg\write-tests\multipolygon_write_test.json,GeoJSON
.\netcdf-sg\write-tests\point3D_write_test.json,GeoJSON
.\netcdf-sg\write-tests\point_write_test.json,GeoJSON
.\netcdf-sg\write-tests\polygon3D_no_ir_write_test.json,GeoJSON
.\netcdf-sg\write-tests\polygon3D_write_test.json,GeoJSON
.\netcdf-sg\write-tests\polygon_no_ir_write_test.json,GeoJSON
.\netcdf-sg\write-tests\polygon_write_test.json,GeoJSON
.\netcdf-sg\write-tests\Yahara_alb.json,GeoJSON
.\ngsgeoid\g2009u01_be_truncated.bin,NGSGEOID
.\ngsgeoid\g2009u01_le_truncated.bin,NGSGEOID
.\nitf\A.TOC,RPFTOC
.\nitf\fake_nsif.ntf,NITF
.\nitf\image_tre_oob.ntf,NITF
.\nitf\invalid_udid.ntf,NITF
.\nitf\i_3034c.ntf,NITF
.\nitf\i_3034f.ntf,NITF
.\nitf\i_6130a_truncated.ntf,NITF
.\nitf\ns3034d.nsf,NITF
.\nitf\ns3114a.nsf,NITF
.\nitf\oss_fuzz_1525.ntf,NITF
.\nitf\rgb.ntf,NITF
.\nitf\RPFTOC01.ON2,NITF
.\nitf\rset.ntf.r0,NITF
.\nitf\rset.ntf.r1,NITF
.\nitf\rset.ntf.r2,NITF
.\nitf\sar_sicd.ntf,NITF
.\nitf\SENSRB_TRE.ntf,NITF
.\nitf\testtest.on9,NITF
.\nitf\test_jp2_ecw33.ntf,NITF
.\nitf\text_md.vrt,VRT
.\nitf\two_images_jp2.ntf,NITF
.\nitf\two_images_jpeg.ntf,NITF
.\nitf\U_0002A.NTF,NITF
.\nitf\U_0006A.NTF,NITF
.\nitf\U_1050A.NTF,NITF
.\nitf\U_4017A.NTF,NITF
.\nitf\valid_udid.ntf,NITF
.\noaa_b\test.b,NOAA_B
.\noaa_b\test_little_endian.b,NOAA_B
.\nsidcbin\nt_20220409_f18_nrt_s.bin,NSIDCbin
.\ntv2\test_ntv2_be.gsb,NTv2
.\ntv2\test_ntv2_le.gsb,NTv2
.\nwt_grc\nwt_grc.grc,NWT_GRC
.\nwt_grd\nwt_grd.grd,NWT_GRD
.\ogcapi\expected_COVERAGE.tif,GTiff
.\ogcapi\expected_MAP.tif,GTiff
.\ogcapi\expected_TILES.tif,GTiff
.\paux\small16.aux,PAux
.\paux\small16.raw,PAux
.\pcidsk\invalid_segment_pointers_offset.pix,PCIDSK
.\pcidsk\tile_v1.1.pix,PCIDSK
.\pcidsk\tile_v2.pix,PCIDSK
.\pcidsk\utm.pix,PCIDSK
.\pcraster\ldd.map,PCRaster
.\pdf\test_pdf.vrt,VRT
.\pds\BIBQH03N123_D101_T020S03_V03_truncated.IMG,PDS
.\pds\byte.tif,GTiff
.\pds\CE_LAMO_Q_00N_036E_MER_CLR_truncated.IMG,PDS
.\pds\EN0001426030M_truncated.IMG,PDS
.\pds\ESP_013951_1955_RED.LBL,PDS
.\pds\fake_hirise.jp2,GTiff
.\pds\fake_hirise.lbl,PDS
.\pds\fl73n003_alt_truncated.img,PDS
.\pds\fl73n003_truncated.img,PDS
.\pds\hsp00017ba0_01_ra218s_trr3_truncated.lbl,PDS
.\pds\LDEM_4.LBL,PDS
.\pds\map_000_038_truncated.lbl,PDS
.\pds\mc02_truncated.img,PDS
.\pds\pds_3177.lbl,PDS
.\pds\pds_3355.lbl,PDS
.\pds\PDS_WITH_ZIP_IMG.LBL,PDS
.\pds4\byte_pds4_cart_1700.xml,PDS4
.\pds4\byte_pds4_cart_1700_multi_sds.xml,PDS4
.\pds4\byte_pds4_cart_1b00.xml,PDS4
.\pds4\byte_pds4_cart_1d00_1933.xml,PDS4
.\pds4\byte_pds4_cart_1g00_1950.xml,PDS4
.\pds4\M044416018SE_browse.png,PNG
.\pds4\M044416018SE_browse.xml,PDS4
.\pds4\M044416018S_map_raw.tif,GTiff
.\pds4\M044416018S_map_raw.xml,PDS4
.\pds4\missing_constant_hexadecimal_double.xml,PDS4
.\pds4\missing_constant_hexadecimal_float.xml,PDS4
.\pds4\oblique_cylindrical.xml,PDS4
.\pds4\template_with_sp.xml,PDS4
.\pmtiles\byte_avif.pmtiles,PMTiles
.\pmtiles\byte_jpg.pmtiles,PMTiles
.\pmtiles\byte_png.pmtiles,PMTiles
.\pmtiles\byte_webp.pmtiles,PMTiles
.\pmtiles\small_world_jpg.pmtiles,PMTiles
.\png\byte_with_xmp.png,PNG
.\png\idat_broken.png,PNG
.\png\rgba16.png,PNG
.\png\tbbn2c16.png,PNG
.\png\test.png,PNG
.\png\uint16_interlaced.png,PNG
.\pnm\byte.pgm,PNM
.\pnm\int_max.pgm,PNM
.\pnm\rgbsmall.ppm,PNM
.\PRF\dem\dem_0_0.demtif,VRT
.\PRF\dem\dem_0_1.demtif,VRT
.\PRF\dem\dem_1_0.demtif,VRT
.\PRF\dem\dem_1_1.demtif,VRT
.\PRF\dem\Pyramid.demtif,VRT
.\PRF\dem.x-dem,PRF
.\PRF\ph\ph_0_0.tif,GTiff
.\PRF\ph\ph_0_1.tif,GTiff
.\PRF\ph\ph_1_0.tif,GTiff
.\PRF\ph\ph_1_1.tif,GTiff
.\PRF\ph\ph_2_0.tif,GTiff
.\PRF\ph\ph_2_1.tif,GTiff
.\PRF\ph.prf,PRF
.\rasterlite2\byte.rl2,SQLite
.\rasterlite2\multi_type.rl2,SQLite
.\rasterlite2\small_world.rl2,SQLite
.\rasterlite2\small_world_pct.rl2,SQLite
.\rcm\fake_VV_VH_GRD,RCM
.\rgbsmall.tif,GTiff
.\rgb_gcp.vrt,VRT
.\rmf\1bit.rsw,RMF
.\rmf\4bit-lzw.rsw,RMF
.\rmf\4bit.rsw,RMF
.\rmf\big-endian.rsw,RMF
.\rmf\byte-lzw.rsw,RMF
.\rmf\byte.rsw,RMF
.\rmf\corrupted-subheader.rsw,RMF
.\rmf\cucled-1.rsw,RMF
.\rmf\cucled-2.rsw,RMF
.\rmf\float64.mtw,RMF
.\rmf\invalid-subheader.rsw,RMF
.\rmf\jpeg-in-rmf.rsw,RMF
.\rmf\rgbsmall-lzw.rsw,RMF
.\rmf\rgbsmall.rsw,RMF
.\rmf\t100.mtw,RMF
.\roipac\srtm.dem,ROI_PAC
.\rpftoc\zone9\RPF\A.TOC,RPFTOC
.\rpftoc\zone9\RPF\ZONE9\00027010.ON9,NITF
.\rraster\byte_rraster.grd,RRASTER
.\rraster\byte_rraster1.grd,RRASTER
.\rraster\byte_rraster_ct_rgb.grd,RRASTER
.\rraster\byte_rraster_ct_rgba.grd,RRASTER
.\rraster\byte_rraster_rat.grd,RRASTER
.\rraster\rgba_rraster.grd,RRASTER
.\rs2,RS2
.\rst\byte.rst,RST
.\rst\real.rst,RST
.\SAFE_FAKE\test.SAFE,SAFE
.\SAFE_FAKE_WV,SAFE
.\saga\4byteFloat.sdat,SAGA
.\saga\4byteFloat.sg-grd-z,SAGA
.\sar_ceos\ottawa_patch.img,SAR_CEOS
.\sar_ceos\R1_26161_FN1_F164.D,SAR_CEOS
.\sentinel2\fake_l1b\S2B_OPER_PRD_MSIL1B.SAFE\GRANULE\S2B_OPER_MSI_L1B_N01.03\IMG_DATA\S2B_OPER_MSI_L1B_B01.jp2,GTiff
.\sentinel2\fake_l1b\S2B_OPER_PRD_MSIL1B.SAFE\GRANULE\S2B_OPER_MSI_L1B_N01.03\IMG_DATA\S2B_OPER_MSI_L1B_B02.jp2,GTiff
.\sentinel2\fake_l1b\S2B_OPER_PRD_MSIL1B.SAFE\GRANULE\S2B_OPER_MSI_L1B_N01.03\IMG_DATA\S2B_OPER_MSI_L1B_B03.jp2,GTiff
.\sentinel2\fake_l1b\S2B_OPER_PRD_MSIL1B.SAFE\GRANULE\S2B_OPER_MSI_L1B_N01.03\IMG_DATA\S2B_OPER_MSI_L1B_B04.jp2,GTiff
.\sentinel2\fake_l1b\S2B_OPER_PRD_MSIL1B.SAFE\GRANULE\S2B_OPER_MSI_L1B_N01.03\IMG_DATA\S2B_OPER_MSI_L1B_B05.jp2,GTiff
.\sentinel2\fake_l1b\S2B_OPER_PRD_MSIL1B.SAFE\GRANULE\S2B_OPER_MSI_L1B_N01.03\IMG_DATA\S2B_OPER_MSI_L1B_B06.jp2,GTiff
.\sentinel2\fake_l1b\S2B_OPER_PRD_MSIL1B.SAFE\GRANULE\S2B_OPER_MSI_L1B_N01.03\IMG_DATA\S2B_OPER_MSI_L1B_B07.jp2,GTiff
.\sentinel2\fake_l1b\S2B_OPER_PRD_MSIL1B.SAFE\GRANULE\S2B_OPER_MSI_L1B_N01.03\IMG_DATA\S2B_OPER_MSI_L1B_B08.jp2,GTiff
.\sentinel2\fake_l1b\S2B_OPER_PRD_MSIL1B.SAFE\GRANULE\S2B_OPER_MSI_L1B_N01.03\IMG_DATA\S2B_OPER_MSI_L1B_B09.jp2,GTiff
.\sentinel2\fake_l1b\S2B_OPER_PRD_MSIL1B.SAFE\GRANULE\S2B_OPER_MSI_L1B_N01.03\IMG_DATA\S2B_OPER_MSI_L1B_B10.jp2,GTiff
.\sentinel2\fake_l1b\S2B_OPER_PRD_MSIL1B.SAFE\GRANULE\S2B_OPER_MSI_L1B_N01.03\IMG_DATA\S2B_OPER_MSI_L1B_B11.jp2,GTiff
.\sentinel2\fake_l1b\S2B_OPER_PRD_MSIL1B.SAFE\GRANULE\S2B_OPER_MSI_L1B_N01.03\IMG_DATA\S2B_OPER_MSI_L1B_B12.jp2,GTiff
.\sentinel2\fake_l1b\S2B_OPER_PRD_MSIL1B.SAFE\GRANULE\S2B_OPER_MSI_L1B_N01.03\IMG_DATA\S2B_OPER_MSI_L1B_B8A.jp2,GTiff
.\sentinel2\fake_l1b\S2B_OPER_PRD_MSIL1B.SAFE\GRANULE\S2B_OPER_MSI_L1B_N01.03\S2B_OPER_MTD_L1B.xml,SENTINEL2
.\sentinel2\fake_l1b\S2B_OPER_PRD_MSIL1B.SAFE\S2B_OPER_MTD_SAFL1B.xml,SENTINEL2
.\sentinel2\fake_l1b_geoloc\S2B_OPER_PRD_MSIL1B.SAFE\DATASTRIP\S2B_OPER_MSI_L1B_DATASTRIP_N01.03\GEO_DATA\S2B_OPER_MSI_L1B_DATASTRIP_D01_B01.vrt,VRT
.\sentinel2\fake_l1b_geoloc\S2B_OPER_PRD_MSIL1B.SAFE\DATASTRIP\S2B_OPER_MSI_L1B_DATASTRIP_N01.03\GEO_DATA\S2B_OPER_MSI_L1B_DATASTRIP_D01_B02.vrt,VRT
.\sentinel2\fake_l1b_geoloc\S2B_OPER_PRD_MSIL1B.SAFE\DATASTRIP\S2B_OPER_MSI_L1B_DATASTRIP_N01.03\GEO_DATA\S2B_OPER_MSI_L1B_DATASTRIP_D01_B05.vrt,VRT
.\sentinel2\fake_l1b_geoloc\S2B_OPER_PRD_MSIL1B.SAFE\GRANULE\S2B_OPER_MSI_L1B_1_N01.03\IMG_DATA\S2B_OPER_MSI_L1B_1_B01.jp2,GTiff
.\sentinel2\fake_l1b_geoloc\S2B_OPER_PRD_MSIL1B.SAFE\GRANULE\S2B_OPER_MSI_L1B_1_N01.03\IMG_DATA\S2B_OPER_MSI_L1B_1_B02.jp2,GTiff
.\sentinel2\fake_l1b_geoloc\S2B_OPER_PRD_MSIL1B.SAFE\GRANULE\S2B_OPER_MSI_L1B_1_N01.03\IMG_DATA\S2B_OPER_MSI_L1B_1_B03.jp2,GTiff
.\sentinel2\fake_l1b_geoloc\S2B_OPER_PRD_MSIL1B.SAFE\GRANULE\S2B_OPER_MSI_L1B_1_N01.03\IMG_DATA\S2B_OPER_MSI_L1B_1_B04.jp2,GTiff
.\sentinel2\fake_l1b_geoloc\S2B_OPER_PRD_MSIL1B.SAFE\GRANULE\S2B_OPER_MSI_L1B_1_N01.03\IMG_DATA\S2B_OPER_MSI_L1B_1_B05.jp2,GTiff
.\sentinel2\fake_l1b_geoloc\S2B_OPER_PRD_MSIL1B.SAFE\GRANULE\S2B_OPER_MSI_L1B_1_N01.03\IMG_DATA\S2B_OPER_MSI_L1B_1_B06.jp2,GTiff
.\sentinel2\fake_l1b_geoloc\S2B_OPER_PRD_MSIL1B.SAFE\GRANULE\S2B_OPER_MSI_L1B_1_N01.03\IMG_DATA\S2B_OPER_MSI_L1B_1_B07.jp2,GTiff
.\sentinel2\fake_l1b_geoloc\S2B_OPER_PRD_MSIL1B.SAFE\GRANULE\S2B_OPER_MSI_L1B_1_N01.03\IMG_DATA\S2B_OPER_MSI_L1B_1_B08.jp2,GTiff
.\sentinel2\fake_l1b_geoloc\S2B_OPER_PRD_MSIL1B.SAFE\GRANULE\S2B_OPER_MSI_L1B_1_N01.03\IMG_DATA\S2B_OPER_MSI_L1B_1_B09.jp2,GTiff
.\sentinel2\fake_l1b_geoloc\S2B_OPER_PRD_MSIL1B.SAFE\GRANULE\S2B_OPER_MSI_L1B_1_N01.03\IMG_DATA\S2B_OPER_MSI_L1B_1_B10.jp2,GTiff
.\sentinel2\fake_l1b_geoloc\S2B_OPER_PRD_MSIL1B.SAFE\GRANULE\S2B_OPER_MSI_L1B_1_N01.03\IMG_DATA\S2B_OPER_MSI_L1B_1_B11.jp2,GTiff
.\sentinel2\fake_l1b_geoloc\S2B_OPER_PRD_MSIL1B.SAFE\GRANULE\S2B_OPER_MSI_L1B_1_N01.03\IMG_DATA\S2B_OPER_MSI_L1B_1_B12.jp2,GTiff
.\sentinel2\fake_l1b_geoloc\S2B_OPER_PRD_MSIL1B.SAFE\GRANULE\S2B_OPER_MSI_L1B_1_N01.03\IMG_DATA\S2B_OPER_MSI_L1B_1_B8A.jp2,GTiff
.\sentinel2\fake_l1b_geoloc\S2B_OPER_PRD_MSIL1B.SAFE\GRANULE\S2B_OPER_MSI_L1B_1_N01.03\S2B_OPER_MTD_L1B_1.xml,SENTINEL2
.\sentinel2\fake_l1b_geoloc\S2B_OPER_PRD_MSIL1B.SAFE\S2B_OPER_MTD_L1B.xml,SENTINEL2
.\sentinel2\fake_l1c\S2A_OPER_PRD_MSIL1C.SAFE\GRANULE\S2A_OPER_MSI_L1C_T32TQR_N01.03\IMG_DATA\S2A_OPER_MSI_L1C_T32TQR_B01.jp2,GTiff
.\sentinel2\fake_l1c\S2A_OPER_PRD_MSIL1C.SAFE\GRANULE\S2A_OPER_MSI_L1C_T32TQR_N01.03\IMG_DATA\S2A_OPER_MSI_L1C_T32TQR_B02.jp2,GTiff
.\sentinel2\fake_l1c\S2A_OPER_PRD_MSIL1C.SAFE\GRANULE\S2A_OPER_MSI_L1C_T32TQR_N01.03\IMG_DATA\S2A_OPER_MSI_L1C_T32TQR_B03.jp2,GTiff
.\sentinel2\fake_l1c\S2A_OPER_PRD_MSIL1C.SAFE\GRANULE\S2A_OPER_MSI_L1C_T32TQR_N01.03\IMG_DATA\S2A_OPER_MSI_L1C_T32TQR_B04.jp2,GTiff
.\sentinel2\fake_l1c\S2A_OPER_PRD_MSIL1C.SAFE\GRANULE\S2A_OPER_MSI_L1C_T32TQR_N01.03\IMG_DATA\S2A_OPER_MSI_L1C_T32TQR_B05.jp2,GTiff
.\sentinel2\fake_l1c\S2A_OPER_PRD_MSIL1C.SAFE\GRANULE\S2A_OPER_MSI_L1C_T32TQR_N01.03\IMG_DATA\S2A_OPER_MSI_L1C_T32TQR_B06.jp2,GTiff
.\sentinel2\fake_l1c\S2A_OPER_PRD_MSIL1C.SAFE\GRANULE\S2A_OPER_MSI_L1C_T32TQR_N01.03\IMG_DATA\S2A_OPER_MSI_L1C_T32TQR_B07.jp2,GTiff
.\sentinel2\fake_l1c\S2A_OPER_PRD_MSIL1C.SAFE\GRANULE\S2A_OPER_MSI_L1C_T32TQR_N01.03\IMG_DATA\S2A_OPER_MSI_L1C_T32TQR_B08.jp2,GTiff
.\sentinel2\fake_l1c\S2A_OPER_PRD_MSIL1C.SAFE\GRANULE\S2A_OPER_MSI_L1C_T32TQR_N01.03\IMG_DATA\S2A_OPER_MSI_L1C_T32TQR_B09.jp2,GTiff
.\sentinel2\fake_l1c\S2A_OPER_PRD_MSIL1C.SAFE\GRANULE\S2A_OPER_MSI_L1C_T32TQR_N01.03\IMG_DATA\S2A_OPER_MSI_L1C_T32TQR_B10.jp2,GTiff
.\sentinel2\fake_l1c\S2A_OPER_PRD_MSIL1C.SAFE\GRANULE\S2A_OPER_MSI_L1C_T32TQR_N01.03\IMG_DATA\S2A_OPER_MSI_L1C_T32TQR_B11.jp2,GTiff
.\sentinel2\fake_l1c\S2A_OPER_PRD_MSIL1C.SAFE\GRANULE\S2A_OPER_MSI_L1C_T32TQR_N01.03\IMG_DATA\S2A_OPER_MSI_L1C_T32TQR_B12.jp2,GTiff
.\sentinel2\fake_l1c\S2A_OPER_PRD_MSIL1C.SAFE\GRANULE\S2A_OPER_MSI_L1C_T32TQR_N01.03\IMG_DATA\S2A_OPER_MSI_L1C_T32TQR_B8A.jp2,GTiff
.\sentinel2\fake_l1c\S2A_OPER_PRD_MSIL1C.SAFE\GRANULE\S2A_OPER_MSI_L1C_T32TQR_N01.03\QI_DATA\S2A_OPER_PVI_L1C_T32TQR.jp2,GTiff
.\sentinel2\fake_l1c\S2A_OPER_PRD_MSIL1C.SAFE\GRANULE\S2A_OPER_MSI_L1C_T32TQR_N01.03\S2A_OPER_MTD_L1C_T32TQR.xml,SENTINEL2
.\sentinel2\fake_l1c\S2A_OPER_PRD_MSIL1C.SAFE\GRANULE\S2A_OPER_MSI_L1C_T32TRQ_N01.03\IMG_DATA\S2A_OPER_MSI_L1C_T32TRQ_B01.jp2,GTiff
.\sentinel2\fake_l1c\S2A_OPER_PRD_MSIL1C.SAFE\GRANULE\S2A_OPER_MSI_L1C_T32TRQ_N01.03\IMG_DATA\S2A_OPER_MSI_L1C_T32TRQ_B02.jp2,GTiff
.\sentinel2\fake_l1c\S2A_OPER_PRD_MSIL1C.SAFE\GRANULE\S2A_OPER_MSI_L1C_T32TRQ_N01.03\IMG_DATA\S2A_OPER_MSI_L1C_T32TRQ_B03.jp2,GTiff
.\sentinel2\fake_l1c\S2A_OPER_PRD_MSIL1C.SAFE\GRANULE\S2A_OPER_MSI_L1C_T32TRQ_N01.03\IMG_DATA\S2A_OPER_MSI_L1C_T32TRQ_B04.jp2,GTiff
.\sentinel2\fake_l1c\S2A_OPER_PRD_MSIL1C.SAFE\GRANULE\S2A_OPER_MSI_L1C_T32TRQ_N01.03\IMG_DATA\S2A_OPER_MSI_L1C_T32TRQ_B05.jp2,GTiff
.\sentinel2\fake_l1c\S2A_OPER_PRD_MSIL1C.SAFE\GRANULE\S2A_OPER_MSI_L1C_T32TRQ_N01.03\IMG_DATA\S2A_OPER_MSI_L1C_T32TRQ_B06.jp2,GTiff
.\sentinel2\fake_l1c\S2A_OPER_PRD_MSIL1C.SAFE\GRANULE\S2A_OPER_MSI_L1C_T32TRQ_N01.03\IMG_DATA\S2A_OPER_MSI_L1C_T32TRQ_B07.jp2,GTiff
.\sentinel2\fake_l1c\S2A_OPER_PRD_MSIL1C.SAFE\GRANULE\S2A_OPER_MSI_L1C_T32TRQ_N01.03\IMG_DATA\S2A_OPER_MSI_L1C_T32TRQ_B08.jp2,GTiff
.\sentinel2\fake_l1c\S2A_OPER_PRD_MSIL1C.SAFE\GRANULE\S2A_OPER_MSI_L1C_T32TRQ_N01.03\IMG_DATA\S2A_OPER_MSI_L1C_T32TRQ_B09.jp2,GTiff
.\sentinel2\fake_l1c\S2A_OPER_PRD_MSIL1C.SAFE\GRANULE\S2A_OPER_MSI_L1C_T32TRQ_N01.03\IMG_DATA\S2A_OPER_MSI_L1C_T32TRQ_B10.jp2,GTiff
.\sentinel2\fake_l1c\S2A_OPER_PRD_MSIL1C.SAFE\GRANULE\S2A_OPER_MSI_L1C_T32TRQ_N01.03\IMG_DATA\S2A_OPER_MSI_L1C_T32TRQ_B11.jp2,GTiff
.\sentinel2\fake_l1c\S2A_OPER_PRD_MSIL1C.SAFE\GRANULE\S2A_OPER_MSI_L1C_T32TRQ_N01.03\IMG_DATA\S2A_OPER_MSI_L1C_T32TRQ_B12.jp2,GTiff
.\sentinel2\fake_l1c\S2A_OPER_PRD_MSIL1C.SAFE\GRANULE\S2A_OPER_MSI_L1C_T32TRQ_N01.03\IMG_DATA\S2A_OPER_MSI_L1C_T32TRQ_B8A.jp2,GTiff
.\sentinel2\fake_l1c\S2A_OPER_PRD_MSIL1C.SAFE\GRANULE\S2A_OPER_MSI_L1C_T32TRQ_N01.03\QI_DATA\S2A_OPER_PVI_L1C_T32TRQ.jp2,GTiff
.\sentinel2\fake_l1c\S2A_OPER_PRD_MSIL1C.SAFE\GRANULE\S2A_OPER_MSI_L1C_T32TRQ_N01.03\S2A_OPER_MTD_L1C_T32TRQ.xml,SENTINEL2
.\sentinel2\fake_l1c\S2A_OPER_PRD_MSIL1C.SAFE\S2A_OPER_MTD_SAFL1C.xml,SENTINEL2
.\sentinel2\fake_l1c_processing_baseline_5_09\S2B_MSIL1C_20230823T095559_N0509_R122_T34UCF_20230823T120234.SAFE\GRANULE\L1C_T34UCF_A033753_20230823T095553\IMG_DATA\T34UCF_20230823T095559_B01.jp2,GTiff
.\sentinel2\fake_l1c_processing_baseline_5_09\S2B_MSIL1C_20230823T095559_N0509_R122_T34UCF_20230823T120234.SAFE\GRANULE\L1C_T34UCF_A033753_20230823T095553\IMG_DATA\T34UCF_20230823T095559_B02.jp2,GTiff
.\sentinel2\fake_l1c_processing_baseline_5_09\S2B_MSIL1C_20230823T095559_N0509_R122_T34UCF_20230823T120234.SAFE\GRANULE\L1C_T34UCF_A033753_20230823T095553\IMG_DATA\T34UCF_20230823T095559_B03.jp2,GTiff
.\sentinel2\fake_l1c_processing_baseline_5_09\S2B_MSIL1C_20230823T095559_N0509_R122_T34UCF_20230823T120234.SAFE\GRANULE\L1C_T34UCF_A033753_20230823T095553\IMG_DATA\T34UCF_20230823T095559_B04.jp2,GTiff
.\sentinel2\fake_l1c_processing_baseline_5_09\S2B_MSIL1C_20230823T095559_N0509_R122_T34UCF_20230823T120234.SAFE\GRANULE\L1C_T34UCF_A033753_20230823T095553\IMG_DATA\T34UCF_20230823T095559_B05.jp2,GTiff
.\sentinel2\fake_l1c_processing_baseline_5_09\S2B_MSIL1C_20230823T095559_N0509_R122_T34UCF_20230823T120234.SAFE\GRANULE\L1C_T34UCF_A033753_20230823T095553\IMG_DATA\T34UCF_20230823T095559_B06.jp2,GTiff
.\sentinel2\fake_l1c_processing_baseline_5_09\S2B_MSIL1C_20230823T095559_N0509_R122_T34UCF_20230823T120234.SAFE\GRANULE\L1C_T34UCF_A033753_20230823T095553\IMG_DATA\T34UCF_20230823T095559_B07.jp2,GTiff
.\sentinel2\fake_l1c_processing_baseline_5_09\S2B_MSIL1C_20230823T095559_N0509_R122_T34UCF_20230823T120234.SAFE\GRANULE\L1C_T34UCF_A033753_20230823T095553\IMG_DATA\T34UCF_20230823T095559_B08.jp2,GTiff
.\sentinel2\fake_l1c_processing_baseline_5_09\S2B_MSIL1C_20230823T095559_N0509_R122_T34UCF_20230823T120234.SAFE\GRANULE\L1C_T34UCF_A033753_20230823T095553\IMG_DATA\T34UCF_20230823T095559_B09.jp2,GTiff
.\sentinel2\fake_l1c_processing_baseline_5_09\S2B_MSIL1C_20230823T095559_N0509_R122_T34UCF_20230823T120234.SAFE\GRANULE\L1C_T34UCF_A033753_20230823T095553\IMG_DATA\T34UCF_20230823T095559_B10.jp2,GTiff
.\sentinel2\fake_l1c_processing_baseline_5_09\S2B_MSIL1C_20230823T095559_N0509_R122_T34UCF_20230823T120234.SAFE\GRANULE\L1C_T34UCF_A033753_20230823T095553\IMG_DATA\T34UCF_20230823T095559_B11.jp2,GTiff
.\sentinel2\fake_l1c_processing_baseline_5_09\S2B_MSIL1C_20230823T095559_N0509_R122_T34UCF_20230823T120234.SAFE\GRANULE\L1C_T34UCF_A033753_20230823T095553\IMG_DATA\T34UCF_20230823T095559_B12.jp2,GTiff
.\sentinel2\fake_l1c_processing_baseline_5_09\S2B_MSIL1C_20230823T095559_N0509_R122_T34UCF_20230823T120234.SAFE\GRANULE\L1C_T34UCF_A033753_20230823T095553\IMG_DATA\T34UCF_20230823T095559_B8A.jp2,GTiff
.\sentinel2\fake_l1c_processing_baseline_5_09\S2B_MSIL1C_20230823T095559_N0509_R122_T34UCF_20230823T120234.SAFE\GRANULE\L1C_T34UCF_A033753_20230823T095553\IMG_DATA\T34UCF_20230823T095559_TCI.jp2,GTiff
.\sentinel2\fake_l1c_processing_baseline_5_09\S2B_MSIL1C_20230823T095559_N0509_R122_T34UCF_20230823T120234.SAFE\GRANULE\L1C_T34UCF_A033753_20230823T095553\QI_DATA\MSK_CLASSI_B00.jp2,GTiff
.\sentinel2\fake_l1c_processing_baseline_5_09\S2B_MSIL1C_20230823T095559_N0509_R122_T34UCF_20230823T120234.SAFE\GRANULE\L1C_T34UCF_A033753_20230823T095553\QI_DATA\MSK_DETFOO_B01.jp2,GTiff
.\sentinel2\fake_l1c_processing_baseline_5_09\S2B_MSIL1C_20230823T095559_N0509_R122_T34UCF_20230823T120234.SAFE\GRANULE\L1C_T34UCF_A033753_20230823T095553\QI_DATA\MSK_DETFOO_B02.jp2,GTiff
.\sentinel2\fake_l1c_processing_baseline_5_09\S2B_MSIL1C_20230823T095559_N0509_R122_T34UCF_20230823T120234.SAFE\GRANULE\L1C_T34UCF_A033753_20230823T095553\QI_DATA\MSK_DETFOO_B03.jp2,GTiff
.\sentinel2\fake_l1c_processing_baseline_5_09\S2B_MSIL1C_20230823T095559_N0509_R122_T34UCF_20230823T120234.SAFE\GRANULE\L1C_T34UCF_A033753_20230823T095553\QI_DATA\MSK_DETFOO_B04.jp2,GTiff
.\sentinel2\fake_l1c_processing_baseline_5_09\S2B_MSIL1C_20230823T095559_N0509_R122_T34UCF_20230823T120234.SAFE\GRANULE\L1C_T34UCF_A033753_20230823T095553\QI_DATA\MSK_DETFOO_B05.jp2,GTiff
.\sentinel2\fake_l1c_processing_baseline_5_09\S2B_MSIL1C_20230823T095559_N0509_R122_T34UCF_20230823T120234.SAFE\GRANULE\L1C_T34UCF_A033753_20230823T095553\QI_DATA\MSK_DETFOO_B06.jp2,GTiff
.\sentinel2\fake_l1c_processing_baseline_5_09\S2B_MSIL1C_20230823T095559_N0509_R122_T34UCF_20230823T120234.SAFE\GRANULE\L1C_T34UCF_A033753_20230823T095553\QI_DATA\MSK_DETFOO_B07.jp2,GTiff
.\sentinel2\fake_l1c_processing_baseline_5_09\S2B_MSIL1C_20230823T095559_N0509_R122_T34UCF_20230823T120234.SAFE\GRANULE\L1C_T34UCF_A033753_20230823T095553\QI_DATA\MSK_DETFOO_B08.jp2,GTiff
.\sentinel2\fake_l1c_processing_baseline_5_09\S2B_MSIL1C_20230823T095559_N0509_R122_T34UCF_20230823T120234.SAFE\GRANULE\L1C_T34UCF_A033753_20230823T095553\QI_DATA\MSK_DETFOO_B09.jp2,GTiff
.\sentinel2\fake_l1c_processing_baseline_5_09\S2B_MSIL1C_20230823T095559_N0509_R122_T34UCF_20230823T120234.SAFE\GRANULE\L1C_T34UCF_A033753_20230823T095553\QI_DATA\MSK_DETFOO_B10.jp2,GTiff
.\sentinel2\fake_l1c_processing_baseline_5_09\S2B_MSIL1C_20230823T095559_N0509_R122_T34UCF_20230823T120234.SAFE\GRANULE\L1C_T34UCF_A033753_20230823T095553\QI_DATA\MSK_DETFOO_B11.jp2,GTiff
.\sentinel2\fake_l1c_processing_baseline_5_09\S2B_MSIL1C_20230823T095559_N0509_R122_T34UCF_20230823T120234.SAFE\GRANULE\L1C_T34UCF_A033753_20230823T095553\QI_DATA\MSK_DETFOO_B12.jp2,GTiff
.\sentinel2\fake_l1c_processing_baseline_5_09\S2B_MSIL1C_20230823T095559_N0509_R122_T34UCF_20230823T120234.SAFE\GRANULE\L1C_T34UCF_A033753_20230823T095553\QI_DATA\MSK_DETFOO_B8A.jp2,GTiff
.\sentinel2\fake_l1c_processing_baseline_5_09\S2B_MSIL1C_20230823T095559_N0509_R122_T34UCF_20230823T120234.SAFE\GRANULE\L1C_T34UCF_A033753_20230823T095553\QI_DATA\MSK_QUALIT_B01.jp2,GTiff
.\sentinel2\fake_l1c_processing_baseline_5_09\S2B_MSIL1C_20230823T095559_N0509_R122_T34UCF_20230823T120234.SAFE\GRANULE\L1C_T34UCF_A033753_20230823T095553\QI_DATA\MSK_QUALIT_B02.jp2,GTiff
.\sentinel2\fake_l1c_processing_baseline_5_09\S2B_MSIL1C_20230823T095559_N0509_R122_T34UCF_20230823T120234.SAFE\GRANULE\L1C_T34UCF_A033753_20230823T095553\QI_DATA\MSK_QUALIT_B03.jp2,GTiff
.\sentinel2\fake_l1c_processing_baseline_5_09\S2B_MSIL1C_20230823T095559_N0509_R122_T34UCF_20230823T120234.SAFE\GRANULE\L1C_T34UCF_A033753_20230823T095553\QI_DATA\MSK_QUALIT_B04.jp2,GTiff
.\sentinel2\fake_l1c_processing_baseline_5_09\S2B_MSIL1C_20230823T095559_N0509_R122_T34UCF_20230823T120234.SAFE\GRANULE\L1C_T34UCF_A033753_20230823T095553\QI_DATA\MSK_QUALIT_B05.jp2,GTiff
.\sentinel2\fake_l1c_processing_baseline_5_09\S2B_MSIL1C_20230823T095559_N0509_R122_T34UCF_20230823T120234.SAFE\GRANULE\L1C_T34UCF_A033753_20230823T095553\QI_DATA\MSK_QUALIT_B06.jp2,GTiff
.\sentinel2\fake_l1c_processing_baseline_5_09\S2B_MSIL1C_20230823T095559_N0509_R122_T34UCF_20230823T120234.SAFE\GRANULE\L1C_T34UCF_A033753_20230823T095553\QI_DATA\MSK_QUALIT_B07.jp2,GTiff
.\sentinel2\fake_l1c_processing_baseline_5_09\S2B_MSIL1C_20230823T095559_N0509_R122_T34UCF_20230823T120234.SAFE\GRANULE\L1C_T34UCF_A033753_20230823T095553\QI_DATA\MSK_QUALIT_B08.jp2,GTiff
.\sentinel2\fake_l1c_processing_baseline_5_09\S2B_MSIL1C_20230823T095559_N0509_R122_T34UCF_20230823T120234.SAFE\GRANULE\L1C_T34UCF_A033753_20230823T095553\QI_DATA\MSK_QUALIT_B09.jp2,GTiff
.\sentinel2\fake_l1c_processing_baseline_5_09\S2B_MSIL1C_20230823T095559_N0509_R122_T34UCF_20230823T120234.SAFE\GRANULE\L1C_T34UCF_A033753_20230823T095553\QI_DATA\MSK_QUALIT_B10.jp2,GTiff
.\sentinel2\fake_l1c_processing_baseline_5_09\S2B_MSIL1C_20230823T095559_N0509_R122_T34UCF_20230823T120234.SAFE\GRANULE\L1C_T34UCF_A033753_20230823T095553\QI_DATA\MSK_QUALIT_B11.jp2,GTiff
.\sentinel2\fake_l1c_processing_baseline_5_09\S2B_MSIL1C_20230823T095559_N0509_R122_T34UCF_20230823T120234.SAFE\GRANULE\L1C_T34UCF_A033753_20230823T095553\QI_DATA\MSK_QUALIT_B12.jp2,GTiff
.\sentinel2\fake_l1c_processing_baseline_5_09\S2B_MSIL1C_20230823T095559_N0509_R122_T34UCF_20230823T120234.SAFE\GRANULE\L1C_T34UCF_A033753_20230823T095553\QI_DATA\MSK_QUALIT_B8A.jp2,GTiff
.\sentinel2\fake_l1c_processing_baseline_5_09\S2B_MSIL1C_20230823T095559_N0509_R122_T34UCF_20230823T120234.SAFE\GRANULE\L1C_T34UCF_A033753_20230823T095553\QI_DATA\T34UCF_20230823T095559_PVI.jp2,GTiff
.\sentinel2\fake_l1c_processing_baseline_5_09\S2B_MSIL1C_20230823T095559_N0509_R122_T34UCF_20230823T120234.SAFE\INSPIRE.xml,GML
.\sentinel2\fake_l1c_processing_baseline_5_09\S2B_MSIL1C_20230823T095559_N0509_R122_T34UCF_20230823T120234.SAFE\manifest.safe,GML
.\sentinel2\fake_l1c_processing_baseline_5_09\S2B_MSIL1C_20230823T095559_N0509_R122_T34UCF_20230823T120234.SAFE\MTD_MSIL1C.xml,SENTINEL2
.\sentinel2\fake_l1c_safecompact\S2A_MSIL1C_test.SAFE\GRANULE\FOO\IMG_DATA\BAR_B01.jp2,GTiff
.\sentinel2\fake_l1c_safecompact\S2A_MSIL1C_test.SAFE\GRANULE\FOO\IMG_DATA\BAR_B02.jp2,GTiff
.\sentinel2\fake_l1c_safecompact\S2A_MSIL1C_test.SAFE\GRANULE\FOO\IMG_DATA\BAR_B03.jp2,GTiff
.\sentinel2\fake_l1c_safecompact\S2A_MSIL1C_test.SAFE\GRANULE\FOO\IMG_DATA\BAR_B04.jp2,GTiff
.\sentinel2\fake_l1c_safecompact\S2A_MSIL1C_test.SAFE\GRANULE\FOO\IMG_DATA\BAR_B05.jp2,GTiff
.\sentinel2\fake_l1c_safecompact\S2A_MSIL1C_test.SAFE\GRANULE\FOO\IMG_DATA\BAR_B06.jp2,GTiff
.\sentinel2\fake_l1c_safecompact\S2A_MSIL1C_test.SAFE\GRANULE\FOO\IMG_DATA\BAR_B07.jp2,GTiff
.\sentinel2\fake_l1c_safecompact\S2A_MSIL1C_test.SAFE\GRANULE\FOO\IMG_DATA\BAR_B08.jp2,GTiff
.\sentinel2\fake_l1c_safecompact\S2A_MSIL1C_test.SAFE\GRANULE\FOO\IMG_DATA\BAR_B09.jp2,GTiff
.\sentinel2\fake_l1c_safecompact\S2A_MSIL1C_test.SAFE\GRANULE\FOO\IMG_DATA\BAR_B10.jp2,GTiff
.\sentinel2\fake_l1c_safecompact\S2A_MSIL1C_test.SAFE\GRANULE\FOO\IMG_DATA\BAR_B11.jp2,GTiff
.\sentinel2\fake_l1c_safecompact\S2A_MSIL1C_test.SAFE\GRANULE\FOO\IMG_DATA\BAR_B12.jp2,GTiff
.\sentinel2\fake_l1c_safecompact\S2A_MSIL1C_test.SAFE\GRANULE\FOO\IMG_DATA\BAR_B8A.jp2,GTiff
.\sentinel2\fake_l1c_safecompact\S2A_MSIL1C_test.SAFE\GRANULE\FOO\IMG_DATA\BAR_TCI.jp2,GTiff
.\sentinel2\fake_l1c_safecompact\S2A_MSIL1C_test.SAFE\MTD_MSIL1C.xml,SENTINEL2
.\sentinel2\fake_l2a\S2A_USER_PRD_MSIL2A.SAFE\GRANULE\S2A_USER_MSI_L2A_T32TQR_N01.03\IMG_DATA\R60m\S2A_USER_AOT_L2A_T32TQR_60m.jp2,GTiff
.\sentinel2\fake_l2a\S2A_USER_PRD_MSIL2A.SAFE\GRANULE\S2A_USER_MSI_L2A_T32TQR_N01.03\IMG_DATA\R60m\S2A_USER_MSI_L2A_T32TQR_B01_60m.jp2,GTiff
.\sentinel2\fake_l2a\S2A_USER_PRD_MSIL2A.SAFE\GRANULE\S2A_USER_MSI_L2A_T32TQR_N01.03\IMG_DATA\R60m\S2A_USER_MSI_L2A_T32TQR_B02_60m.jp2,GTiff
.\sentinel2\fake_l2a\S2A_USER_PRD_MSIL2A.SAFE\GRANULE\S2A_USER_MSI_L2A_T32TQR_N01.03\IMG_DATA\R60m\S2A_USER_MSI_L2A_T32TQR_B03_60m.jp2,GTiff
.\sentinel2\fake_l2a\S2A_USER_PRD_MSIL2A.SAFE\GRANULE\S2A_USER_MSI_L2A_T32TQR_N01.03\IMG_DATA\R60m\S2A_USER_MSI_L2A_T32TQR_B04_60m.jp2,GTiff
.\sentinel2\fake_l2a\S2A_USER_PRD_MSIL2A.SAFE\GRANULE\S2A_USER_MSI_L2A_T32TQR_N01.03\IMG_DATA\R60m\S2A_USER_MSI_L2A_T32TQR_B05_60m.jp2,GTiff
.\sentinel2\fake_l2a\S2A_USER_PRD_MSIL2A.SAFE\GRANULE\S2A_USER_MSI_L2A_T32TQR_N01.03\IMG_DATA\R60m\S2A_USER_MSI_L2A_T32TQR_B06_60m.jp2,GTiff
.\sentinel2\fake_l2a\S2A_USER_PRD_MSIL2A.SAFE\GRANULE\S2A_USER_MSI_L2A_T32TQR_N01.03\IMG_DATA\R60m\S2A_USER_MSI_L2A_T32TQR_B07_60m.jp2,GTiff
.\sentinel2\fake_l2a\S2A_USER_PRD_MSIL2A.SAFE\GRANULE\S2A_USER_MSI_L2A_T32TQR_N01.03\IMG_DATA\R60m\S2A_USER_MSI_L2A_T32TQR_B09_60m.jp2,GTiff
.\sentinel2\fake_l2a\S2A_USER_PRD_MSIL2A.SAFE\GRANULE\S2A_USER_MSI_L2A_T32TQR_N01.03\IMG_DATA\R60m\S2A_USER_MSI_L2A_T32TQR_B10_60m.jp2,GTiff
.\sentinel2\fake_l2a\S2A_USER_PRD_MSIL2A.SAFE\GRANULE\S2A_USER_MSI_L2A_T32TQR_N01.03\IMG_DATA\R60m\S2A_USER_MSI_L2A_T32TQR_B11_60m.jp2,GTiff
.\sentinel2\fake_l2a\S2A_USER_PRD_MSIL2A.SAFE\GRANULE\S2A_USER_MSI_L2A_T32TQR_N01.03\IMG_DATA\R60m\S2A_USER_MSI_L2A_T32TQR_B12_60m.jp2,GTiff
.\sentinel2\fake_l2a\S2A_USER_PRD_MSIL2A.SAFE\GRANULE\S2A_USER_MSI_L2A_T32TQR_N01.03\IMG_DATA\R60m\S2A_USER_MSI_L2A_T32TQR_B8A_60m.jp2,GTiff
.\sentinel2\fake_l2a\S2A_USER_PRD_MSIL2A.SAFE\GRANULE\S2A_USER_MSI_L2A_T32TQR_N01.03\IMG_DATA\R60m\S2A_USER_WVP_L2A_T32TQR_60m.jp2,GTiff
.\sentinel2\fake_l2a\S2A_USER_PRD_MSIL2A.SAFE\GRANULE\S2A_USER_MSI_L2A_T32TQR_N01.03\IMG_DATA\S2A_USER_SCL_L2A_T32TQR_60m.jp2,GTiff
.\sentinel2\fake_l2a\S2A_USER_PRD_MSIL2A.SAFE\GRANULE\S2A_USER_MSI_L2A_T32TQR_N01.03\QI_DATA\S2A_USER_CLD_L2A_T32TQR_60m.jp2,GTiff
.\sentinel2\fake_l2a\S2A_USER_PRD_MSIL2A.SAFE\GRANULE\S2A_USER_MSI_L2A_T32TQR_N01.03\QI_DATA\S2A_USER_PVI_L2A_T32TQR.jp2,GTiff
.\sentinel2\fake_l2a\S2A_USER_PRD_MSIL2A.SAFE\GRANULE\S2A_USER_MSI_L2A_T32TQR_N01.03\QI_DATA\S2A_USER_SNW_L2A_T32TQR_60m.jp2,GTiff
.\sentinel2\fake_l2a\S2A_USER_PRD_MSIL2A.SAFE\S2A_USER_MTD_SAFL2A.xml,SENTINEL2
.\sentinel2\fake_l2a_MSIL2A\S2A_MSIL2A_20180818T094031_N0208_R036_T34VFJ_20180818T120345.SAFE\GRANULE\L2A_T34VFJ_A016478_20180818T094030\IMG_DATA\R10m\T34VFJ_20180818T094031_AOT_10m.jp2,GTiff
.\sentinel2\fake_l2a_MSIL2A\S2A_MSIL2A_20180818T094031_N0208_R036_T34VFJ_20180818T120345.SAFE\GRANULE\L2A_T34VFJ_A016478_20180818T094030\IMG_DATA\R10m\T34VFJ_20180818T094031_B02_10m.jp2,GTiff
.\sentinel2\fake_l2a_MSIL2A\S2A_MSIL2A_20180818T094031_N0208_R036_T34VFJ_20180818T120345.SAFE\GRANULE\L2A_T34VFJ_A016478_20180818T094030\IMG_DATA\R10m\T34VFJ_20180818T094031_B03_10m.jp2,GTiff
.\sentinel2\fake_l2a_MSIL2A\S2A_MSIL2A_20180818T094031_N0208_R036_T34VFJ_20180818T120345.SAFE\GRANULE\L2A_T34VFJ_A016478_20180818T094030\IMG_DATA\R10m\T34VFJ_20180818T094031_B04_10m.jp2,GTiff
.\sentinel2\fake_l2a_MSIL2A\S2A_MSIL2A_20180818T094031_N0208_R036_T34VFJ_20180818T120345.SAFE\GRANULE\L2A_T34VFJ_A016478_20180818T094030\IMG_DATA\R10m\T34VFJ_20180818T094031_B08_10m.jp2,GTiff
.\sentinel2\fake_l2a_MSIL2A\S2A_MSIL2A_20180818T094031_N0208_R036_T34VFJ_20180818T120345.SAFE\GRANULE\L2A_T34VFJ_A016478_20180818T094030\IMG_DATA\R10m\T34VFJ_20180818T094031_TCI_10m.jp2,GTiff
.\sentinel2\fake_l2a_MSIL2A\S2A_MSIL2A_20180818T094031_N0208_R036_T34VFJ_20180818T120345.SAFE\GRANULE\L2A_T34VFJ_A016478_20180818T094030\IMG_DATA\R10m\T34VFJ_20180818T094031_WVP_10m.jp2,GTiff
.\sentinel2\fake_l2a_MSIL2A\S2A_MSIL2A_20180818T094031_N0208_R036_T34VFJ_20180818T120345.SAFE\GRANULE\L2A_T34VFJ_A016478_20180818T094030\IMG_DATA\R20m\T34VFJ_20180818T094031_AOT_20m.jp2,GTiff
.\sentinel2\fake_l2a_MSIL2A\S2A_MSIL2A_20180818T094031_N0208_R036_T34VFJ_20180818T120345.SAFE\GRANULE\L2A_T34VFJ_A016478_20180818T094030\IMG_DATA\R20m\T34VFJ_20180818T094031_B02_20m.jp2,GTiff
.\sentinel2\fake_l2a_MSIL2A\S2A_MSIL2A_20180818T094031_N0208_R036_T34VFJ_20180818T120345.SAFE\GRANULE\L2A_T34VFJ_A016478_20180818T094030\IMG_DATA\R20m\T34VFJ_20180818T094031_B03_20m.jp2,GTiff
.\sentinel2\fake_l2a_MSIL2A\S2A_MSIL2A_20180818T094031_N0208_R036_T34VFJ_20180818T120345.SAFE\GRANULE\L2A_T34VFJ_A016478_20180818T094030\IMG_DATA\R20m\T34VFJ_20180818T094031_B04_20m.jp2,GTiff
.\sentinel2\fake_l2a_MSIL2A\S2A_MSIL2A_20180818T094031_N0208_R036_T34VFJ_20180818T120345.SAFE\GRANULE\L2A_T34VFJ_A016478_20180818T094030\IMG_DATA\R20m\T34VFJ_20180818T094031_B05_20m.jp2,GTiff
.\sentinel2\fake_l2a_MSIL2A\S2A_MSIL2A_20180818T094031_N0208_R036_T34VFJ_20180818T120345.SAFE\GRANULE\L2A_T34VFJ_A016478_20180818T094030\IMG_DATA\R20m\T34VFJ_20180818T094031_B06_20m.jp2,GTiff
.\sentinel2\fake_l2a_MSIL2A\S2A_MSIL2A_20180818T094031_N0208_R036_T34VFJ_20180818T120345.SAFE\GRANULE\L2A_T34VFJ_A016478_20180818T094030\IMG_DATA\R20m\T34VFJ_20180818T094031_B07_20m.jp2,GTiff
.\sentinel2\fake_l2a_MSIL2A\S2A_MSIL2A_20180818T094031_N0208_R036_T34VFJ_20180818T120345.SAFE\GRANULE\L2A_T34VFJ_A016478_20180818T094030\IMG_DATA\R20m\T34VFJ_20180818T094031_B11_20m.jp2,GTiff
.\sentinel2\fake_l2a_MSIL2A\S2A_MSIL2A_20180818T094031_N0208_R036_T34VFJ_20180818T120345.SAFE\GRANULE\L2A_T34VFJ_A016478_20180818T094030\IMG_DATA\R20m\T34VFJ_20180818T094031_B12_20m.jp2,GTiff
.\sentinel2\fake_l2a_MSIL2A\S2A_MSIL2A_20180818T094031_N0208_R036_T34VFJ_20180818T120345.SAFE\GRANULE\L2A_T34VFJ_A016478_20180818T094030\IMG_DATA\R20m\T34VFJ_20180818T094031_B8A_20m.jp2,GTiff
.\sentinel2\fake_l2a_MSIL2A\S2A_MSIL2A_20180818T094031_N0208_R036_T34VFJ_20180818T120345.SAFE\GRANULE\L2A_T34VFJ_A016478_20180818T094030\IMG_DATA\R20m\T34VFJ_20180818T094031_SCL_20m.jp2,GTiff
.\sentinel2\fake_l2a_MSIL2A\S2A_MSIL2A_20180818T094031_N0208_R036_T34VFJ_20180818T120345.SAFE\GRANULE\L2A_T34VFJ_A016478_20180818T094030\IMG_DATA\R20m\T34VFJ_20180818T094031_TCI_20m.jp2,GTiff
.\sentinel2\fake_l2a_MSIL2A\S2A_MSIL2A_20180818T094031_N0208_R036_T34VFJ_20180818T120345.SAFE\GRANULE\L2A_T34VFJ_A016478_20180818T094030\IMG_DATA\R20m\T34VFJ_20180818T094031_WVP_20m.jp2,GTiff
.\sentinel2\fake_l2a_MSIL2A\S2A_MSIL2A_20180818T094031_N0208_R036_T34VFJ_20180818T120345.SAFE\GRANULE\L2A_T34VFJ_A016478_20180818T094030\IMG_DATA\R60m\T34VFJ_20180818T094031_AOT_60m.jp2,GTiff
.\sentinel2\fake_l2a_MSIL2A\S2A_MSIL2A_20180818T094031_N0208_R036_T34VFJ_20180818T120345.SAFE\GRANULE\L2A_T34VFJ_A016478_20180818T094030\IMG_DATA\R60m\T34VFJ_20180818T094031_B01_60m.jp2,GTiff
.\sentinel2\fake_l2a_MSIL2A\S2A_MSIL2A_20180818T094031_N0208_R036_T34VFJ_20180818T120345.SAFE\GRANULE\L2A_T34VFJ_A016478_20180818T094030\IMG_DATA\R60m\T34VFJ_20180818T094031_B02_60m.jp2,GTiff
.\sentinel2\fake_l2a_MSIL2A\S2A_MSIL2A_20180818T094031_N0208_R036_T34VFJ_20180818T120345.SAFE\GRANULE\L2A_T34VFJ_A016478_20180818T094030\IMG_DATA\R60m\T34VFJ_20180818T094031_B03_60m.jp2,GTiff
.\sentinel2\fake_l2a_MSIL2A\S2A_MSIL2A_20180818T094031_N0208_R036_T34VFJ_20180818T120345.SAFE\GRANULE\L2A_T34VFJ_A016478_20180818T094030\IMG_DATA\R60m\T34VFJ_20180818T094031_B04_60m.jp2,GTiff
.\sentinel2\fake_l2a_MSIL2A\S2A_MSIL2A_20180818T094031_N0208_R036_T34VFJ_20180818T120345.SAFE\GRANULE\L2A_T34VFJ_A016478_20180818T094030\IMG_DATA\R60m\T34VFJ_20180818T094031_B05_60m.jp2,GTiff
.\sentinel2\fake_l2a_MSIL2A\S2A_MSIL2A_20180818T094031_N0208_R036_T34VFJ_20180818T120345.SAFE\GRANULE\L2A_T34VFJ_A016478_20180818T094030\IMG_DATA\R60m\T34VFJ_20180818T094031_B06_60m.jp2,GTiff
.\sentinel2\fake_l2a_MSIL2A\S2A_MSIL2A_20180818T094031_N0208_R036_T34VFJ_20180818T120345.SAFE\GRANULE\L2A_T34VFJ_A016478_20180818T094030\IMG_DATA\R60m\T34VFJ_20180818T094031_B07_60m.jp2,GTiff
.\sentinel2\fake_l2a_MSIL2A\S2A_MSIL2A_20180818T094031_N0208_R036_T34VFJ_20180818T120345.SAFE\GRANULE\L2A_T34VFJ_A016478_20180818T094030\IMG_DATA\R60m\T34VFJ_20180818T094031_B09_60m.jp2,GTiff
.\sentinel2\fake_l2a_MSIL2A\S2A_MSIL2A_20180818T094031_N0208_R036_T34VFJ_20180818T120345.SAFE\GRANULE\L2A_T34VFJ_A016478_20180818T094030\IMG_DATA\R60m\T34VFJ_20180818T094031_B11_60m.jp2,GTiff
.\sentinel2\fake_l2a_MSIL2A\S2A_MSIL2A_20180818T094031_N0208_R036_T34VFJ_20180818T120345.SAFE\GRANULE\L2A_T34VFJ_A016478_20180818T094030\IMG_DATA\R60m\T34VFJ_20180818T094031_B12_60m.jp2,GTiff
.\sentinel2\fake_l2a_MSIL2A\S2A_MSIL2A_20180818T094031_N0208_R036_T34VFJ_20180818T120345.SAFE\GRANULE\L2A_T34VFJ_A016478_20180818T094030\IMG_DATA\R60m\T34VFJ_20180818T094031_B8A_60m.jp2,GTiff
.\sentinel2\fake_l2a_MSIL2A\S2A_MSIL2A_20180818T094031_N0208_R036_T34VFJ_20180818T120345.SAFE\GRANULE\L2A_T34VFJ_A016478_20180818T094030\IMG_DATA\R60m\T34VFJ_20180818T094031_SCL_60m.jp2,GTiff
.\sentinel2\fake_l2a_MSIL2A\S2A_MSIL2A_20180818T094031_N0208_R036_T34VFJ_20180818T120345.SAFE\GRANULE\L2A_T34VFJ_A016478_20180818T094030\IMG_DATA\R60m\T34VFJ_20180818T094031_TCI_60m.jp2,GTiff
.\sentinel2\fake_l2a_MSIL2A\S2A_MSIL2A_20180818T094031_N0208_R036_T34VFJ_20180818T120345.SAFE\GRANULE\L2A_T34VFJ_A016478_20180818T094030\IMG_DATA\R60m\T34VFJ_20180818T094031_WVP_60m.jp2,GTiff
.\sentinel2\fake_l2a_MSIL2A\S2A_MSIL2A_20180818T094031_N0208_R036_T34VFJ_20180818T120345.SAFE\GRANULE\L2A_T34VFJ_A016478_20180818T094030\QI_DATA\MSK_CLDPRB_20m.jp2,GTiff
.\sentinel2\fake_l2a_MSIL2A\S2A_MSIL2A_20180818T094031_N0208_R036_T34VFJ_20180818T120345.SAFE\GRANULE\L2A_T34VFJ_A016478_20180818T094030\QI_DATA\MSK_CLDPRB_60m.jp2,GTiff
.\sentinel2\fake_l2a_MSIL2A\S2A_MSIL2A_20180818T094031_N0208_R036_T34VFJ_20180818T120345.SAFE\GRANULE\L2A_T34VFJ_A016478_20180818T094030\QI_DATA\MSK_SNWPRB_20m.jp2,GTiff
.\sentinel2\fake_l2a_MSIL2A\S2A_MSIL2A_20180818T094031_N0208_R036_T34VFJ_20180818T120345.SAFE\GRANULE\L2A_T34VFJ_A016478_20180818T094030\QI_DATA\MSK_SNWPRB_60m.jp2,GTiff
.\sentinel2\fake_l2a_MSIL2A\S2A_MSIL2A_20180818T094031_N0208_R036_T34VFJ_20180818T120345.SAFE\MTD_MSIL2A.xml,SENTINEL2
.\sentinel2\fake_l2a_MSIL2Ap\S2A_MSIL2A_20170823T094031_N0205_R036_T34VFJ_20170823T094252.SAFE\GRANULE\L2A_T34VFJ_A011330_20170823T094252\IMG_DATA\R10m\L2A_T34VFJ_20170823T094031_AOT_10m.jp2,GTiff
.\sentinel2\fake_l2a_MSIL2Ap\S2A_MSIL2A_20170823T094031_N0205_R036_T34VFJ_20170823T094252.SAFE\GRANULE\L2A_T34VFJ_A011330_20170823T094252\IMG_DATA\R10m\L2A_T34VFJ_20170823T094031_B02_10m.jp2,GTiff
.\sentinel2\fake_l2a_MSIL2Ap\S2A_MSIL2A_20170823T094031_N0205_R036_T34VFJ_20170823T094252.SAFE\GRANULE\L2A_T34VFJ_A011330_20170823T094252\IMG_DATA\R10m\L2A_T34VFJ_20170823T094031_B03_10m.jp2,GTiff
.\sentinel2\fake_l2a_MSIL2Ap\S2A_MSIL2A_20170823T094031_N0205_R036_T34VFJ_20170823T094252.SAFE\GRANULE\L2A_T34VFJ_A011330_20170823T094252\IMG_DATA\R10m\L2A_T34VFJ_20170823T094031_B04_10m.jp2,GTiff
.\sentinel2\fake_l2a_MSIL2Ap\S2A_MSIL2A_20170823T094031_N0205_R036_T34VFJ_20170823T094252.SAFE\GRANULE\L2A_T34VFJ_A011330_20170823T094252\IMG_DATA\R10m\L2A_T34VFJ_20170823T094031_B08_10m.jp2,GTiff
.\sentinel2\fake_l2a_MSIL2Ap\S2A_MSIL2A_20170823T094031_N0205_R036_T34VFJ_20170823T094252.SAFE\GRANULE\L2A_T34VFJ_A011330_20170823T094252\IMG_DATA\R10m\L2A_T34VFJ_20170823T094031_TCI_10m.jp2,GTiff
.\sentinel2\fake_l2a_MSIL2Ap\S2A_MSIL2A_20170823T094031_N0205_R036_T34VFJ_20170823T094252.SAFE\GRANULE\L2A_T34VFJ_A011330_20170823T094252\IMG_DATA\R10m\L2A_T34VFJ_20170823T094031_WVP_10m.jp2,GTiff
.\sentinel2\fake_l2a_MSIL2Ap\S2A_MSIL2A_20170823T094031_N0205_R036_T34VFJ_20170823T094252.SAFE\GRANULE\L2A_T34VFJ_A011330_20170823T094252\IMG_DATA\R20m\L2A_T34VFJ_20170823T094031_AOT_20m.jp2,GTiff
.\sentinel2\fake_l2a_MSIL2Ap\S2A_MSIL2A_20170823T094031_N0205_R036_T34VFJ_20170823T094252.SAFE\GRANULE\L2A_T34VFJ_A011330_20170823T094252\IMG_DATA\R20m\L2A_T34VFJ_20170823T094031_B02_20m.jp2,GTiff
.\sentinel2\fake_l2a_MSIL2Ap\S2A_MSIL2A_20170823T094031_N0205_R036_T34VFJ_20170823T094252.SAFE\GRANULE\L2A_T34VFJ_A011330_20170823T094252\IMG_DATA\R20m\L2A_T34VFJ_20170823T094031_B03_20m.jp2,GTiff
.\sentinel2\fake_l2a_MSIL2Ap\S2A_MSIL2A_20170823T094031_N0205_R036_T34VFJ_20170823T094252.SAFE\GRANULE\L2A_T34VFJ_A011330_20170823T094252\IMG_DATA\R20m\L2A_T34VFJ_20170823T094031_B04_20m.jp2,GTiff
.\sentinel2\fake_l2a_MSIL2Ap\S2A_MSIL2A_20170823T094031_N0205_R036_T34VFJ_20170823T094252.SAFE\GRANULE\L2A_T34VFJ_A011330_20170823T094252\IMG_DATA\R20m\L2A_T34VFJ_20170823T094031_B05_20m.jp2,GTiff
.\sentinel2\fake_l2a_MSIL2Ap\S2A_MSIL2A_20170823T094031_N0205_R036_T34VFJ_20170823T094252.SAFE\GRANULE\L2A_T34VFJ_A011330_20170823T094252\IMG_DATA\R20m\L2A_T34VFJ_20170823T094031_B06_20m.jp2,GTiff
.\sentinel2\fake_l2a_MSIL2Ap\S2A_MSIL2A_20170823T094031_N0205_R036_T34VFJ_20170823T094252.SAFE\GRANULE\L2A_T34VFJ_A011330_20170823T094252\IMG_DATA\R20m\L2A_T34VFJ_20170823T094031_B07_20m.jp2,GTiff
.\sentinel2\fake_l2a_MSIL2Ap\S2A_MSIL2A_20170823T094031_N0205_R036_T34VFJ_20170823T094252.SAFE\GRANULE\L2A_T34VFJ_A011330_20170823T094252\IMG_DATA\R20m\L2A_T34VFJ_20170823T094031_B11_20m.jp2,GTiff
.\sentinel2\fake_l2a_MSIL2Ap\S2A_MSIL2A_20170823T094031_N0205_R036_T34VFJ_20170823T094252.SAFE\GRANULE\L2A_T34VFJ_A011330_20170823T094252\IMG_DATA\R20m\L2A_T34VFJ_20170823T094031_B12_20m.jp2,GTiff
.\sentinel2\fake_l2a_MSIL2Ap\S2A_MSIL2A_20170823T094031_N0205_R036_T34VFJ_20170823T094252.SAFE\GRANULE\L2A_T34VFJ_A011330_20170823T094252\IMG_DATA\R20m\L2A_T34VFJ_20170823T094031_B8A_20m.jp2,GTiff
.\sentinel2\fake_l2a_MSIL2Ap\S2A_MSIL2A_20170823T094031_N0205_R036_T34VFJ_20170823T094252.SAFE\GRANULE\L2A_T34VFJ_A011330_20170823T094252\IMG_DATA\R20m\L2A_T34VFJ_20170823T094031_SCL_20m.jp2,GTiff
.\sentinel2\fake_l2a_MSIL2Ap\S2A_MSIL2A_20170823T094031_N0205_R036_T34VFJ_20170823T094252.SAFE\GRANULE\L2A_T34VFJ_A011330_20170823T094252\IMG_DATA\R20m\L2A_T34VFJ_20170823T094031_TCI_20m.jp2,GTiff
.\sentinel2\fake_l2a_MSIL2Ap\S2A_MSIL2A_20170823T094031_N0205_R036_T34VFJ_20170823T094252.SAFE\GRANULE\L2A_T34VFJ_A011330_20170823T094252\IMG_DATA\R20m\L2A_T34VFJ_20170823T094031_VIS_20m.jp2,GTiff
.\sentinel2\fake_l2a_MSIL2Ap\S2A_MSIL2A_20170823T094031_N0205_R036_T34VFJ_20170823T094252.SAFE\GRANULE\L2A_T34VFJ_A011330_20170823T094252\IMG_DATA\R20m\L2A_T34VFJ_20170823T094031_WVP_20m.jp2,GTiff
.\sentinel2\fake_l2a_MSIL2Ap\S2A_MSIL2A_20170823T094031_N0205_R036_T34VFJ_20170823T094252.SAFE\GRANULE\L2A_T34VFJ_A011330_20170823T094252\IMG_DATA\R60m\L2A_T34VFJ_20170823T094031_AOT_60m.jp2,GTiff
.\sentinel2\fake_l2a_MSIL2Ap\S2A_MSIL2A_20170823T094031_N0205_R036_T34VFJ_20170823T094252.SAFE\GRANULE\L2A_T34VFJ_A011330_20170823T094252\IMG_DATA\R60m\L2A_T34VFJ_20170823T094031_B01_60m.jp2,GTiff
.\sentinel2\fake_l2a_MSIL2Ap\S2A_MSIL2A_20170823T094031_N0205_R036_T34VFJ_20170823T094252.SAFE\GRANULE\L2A_T34VFJ_A011330_20170823T094252\IMG_DATA\R60m\L2A_T34VFJ_20170823T094031_B02_60m.jp2,GTiff
.\sentinel2\fake_l2a_MSIL2Ap\S2A_MSIL2A_20170823T094031_N0205_R036_T34VFJ_20170823T094252.SAFE\GRANULE\L2A_T34VFJ_A011330_20170823T094252\IMG_DATA\R60m\L2A_T34VFJ_20170823T094031_B03_60m.jp2,GTiff
.\sentinel2\fake_l2a_MSIL2Ap\S2A_MSIL2A_20170823T094031_N0205_R036_T34VFJ_20170823T094252.SAFE\GRANULE\L2A_T34VFJ_A011330_20170823T094252\IMG_DATA\R60m\L2A_T34VFJ_20170823T094031_B04_60m.jp2,GTiff
.\sentinel2\fake_l2a_MSIL2Ap\S2A_MSIL2A_20170823T094031_N0205_R036_T34VFJ_20170823T094252.SAFE\GRANULE\L2A_T34VFJ_A011330_20170823T094252\IMG_DATA\R60m\L2A_T34VFJ_20170823T094031_B05_60m.jp2,GTiff
.\sentinel2\fake_l2a_MSIL2Ap\S2A_MSIL2A_20170823T094031_N0205_R036_T34VFJ_20170823T094252.SAFE\GRANULE\L2A_T34VFJ_A011330_20170823T094252\IMG_DATA\R60m\L2A_T34VFJ_20170823T094031_B06_60m.jp2,GTiff
.\sentinel2\fake_l2a_MSIL2Ap\S2A_MSIL2A_20170823T094031_N0205_R036_T34VFJ_20170823T094252.SAFE\GRANULE\L2A_T34VFJ_A011330_20170823T094252\IMG_DATA\R60m\L2A_T34VFJ_20170823T094031_B07_60m.jp2,GTiff
.\sentinel2\fake_l2a_MSIL2Ap\S2A_MSIL2A_20170823T094031_N0205_R036_T34VFJ_20170823T094252.SAFE\GRANULE\L2A_T34VFJ_A011330_20170823T094252\IMG_DATA\R60m\L2A_T34VFJ_20170823T094031_B09_60m.jp2,GTiff
.\sentinel2\fake_l2a_MSIL2Ap\S2A_MSIL2A_20170823T094031_N0205_R036_T34VFJ_20170823T094252.SAFE\GRANULE\L2A_T34VFJ_A011330_20170823T094252\IMG_DATA\R60m\L2A_T34VFJ_20170823T094031_B11_60m.jp2,GTiff
.\sentinel2\fake_l2a_MSIL2Ap\S2A_MSIL2A_20170823T094031_N0205_R036_T34VFJ_20170823T094252.SAFE\GRANULE\L2A_T34VFJ_A011330_20170823T094252\IMG_DATA\R60m\L2A_T34VFJ_20170823T094031_B12_60m.jp2,GTiff
.\sentinel2\fake_l2a_MSIL2Ap\S2A_MSIL2A_20170823T094031_N0205_R036_T34VFJ_20170823T094252.SAFE\GRANULE\L2A_T34VFJ_A011330_20170823T094252\IMG_DATA\R60m\L2A_T34VFJ_20170823T094031_B8A_60m.jp2,GTiff
.\sentinel2\fake_l2a_MSIL2Ap\S2A_MSIL2A_20170823T094031_N0205_R036_T34VFJ_20170823T094252.SAFE\GRANULE\L2A_T34VFJ_A011330_20170823T094252\IMG_DATA\R60m\L2A_T34VFJ_20170823T094031_SCL_60m.jp2,GTiff
.\sentinel2\fake_l2a_MSIL2Ap\S2A_MSIL2A_20170823T094031_N0205_R036_T34VFJ_20170823T094252.SAFE\GRANULE\L2A_T34VFJ_A011330_20170823T094252\IMG_DATA\R60m\L2A_T34VFJ_20170823T094031_TCI_60m.jp2,GTiff
.\sentinel2\fake_l2a_MSIL2Ap\S2A_MSIL2A_20170823T094031_N0205_R036_T34VFJ_20170823T094252.SAFE\GRANULE\L2A_T34VFJ_A011330_20170823T094252\IMG_DATA\R60m\L2A_T34VFJ_20170823T094031_WVP_60m.jp2,GTiff
.\sentinel2\fake_l2a_MSIL2Ap\S2A_MSIL2A_20170823T094031_N0205_R036_T34VFJ_20170823T094252.SAFE\GRANULE\L2A_T34VFJ_A011330_20170823T094252\QI_DATA\MSK_CLDPRB_20m.jp2,GTiff
.\sentinel2\fake_l2a_MSIL2Ap\S2A_MSIL2A_20170823T094031_N0205_R036_T34VFJ_20170823T094252.SAFE\GRANULE\L2A_T34VFJ_A011330_20170823T094252\QI_DATA\MSK_CLDPRB_60m.jp2,GTiff
.\sentinel2\fake_l2a_MSIL2Ap\S2A_MSIL2A_20170823T094031_N0205_R036_T34VFJ_20170823T094252.SAFE\GRANULE\L2A_T34VFJ_A011330_20170823T094252\QI_DATA\MSK_SNWPRB_20m.jp2,GTiff
.\sentinel2\fake_l2a_MSIL2Ap\S2A_MSIL2A_20170823T094031_N0205_R036_T34VFJ_20170823T094252.SAFE\GRANULE\L2A_T34VFJ_A011330_20170823T094252\QI_DATA\MSK_SNWPRB_60m.jp2,GTiff
.\sentinel2\fake_l2a_MSIL2Ap\S2A_MSIL2A_20170823T094031_N0205_R036_T34VFJ_20170823T094252.SAFE\MTD_MSIL2A.xml,SENTINEL2
.\sentinel2\fake_l2a_processing_baseline_5_09\S2B_MSIL2A_20230823T095559_N0509_R122_T34UCF_20230823T124759.SAFE\GRANULE\L2A_T34UCF_A033753_20230823T095553\IMG_DATA\R10m\T34UCF_20230823T095559_AOT_10m.jp2,GTiff
.\sentinel2\fake_l2a_processing_baseline_5_09\S2B_MSIL2A_20230823T095559_N0509_R122_T34UCF_20230823T124759.SAFE\GRANULE\L2A_T34UCF_A033753_20230823T095553\IMG_DATA\R10m\T34UCF_20230823T095559_B02_10m.jp2,GTiff
.\sentinel2\fake_l2a_processing_baseline_5_09\S2B_MSIL2A_20230823T095559_N0509_R122_T34UCF_20230823T124759.SAFE\GRANULE\L2A_T34UCF_A033753_20230823T095553\IMG_DATA\R10m\T34UCF_20230823T095559_B03_10m.jp2,GTiff
.\sentinel2\fake_l2a_processing_baseline_5_09\S2B_MSIL2A_20230823T095559_N0509_R122_T34UCF_20230823T124759.SAFE\GRANULE\L2A_T34UCF_A033753_20230823T095553\IMG_DATA\R10m\T34UCF_20230823T095559_B04_10m.jp2,GTiff
.\sentinel2\fake_l2a_processing_baseline_5_09\S2B_MSIL2A_20230823T095559_N0509_R122_T34UCF_20230823T124759.SAFE\GRANULE\L2A_T34UCF_A033753_20230823T095553\IMG_DATA\R10m\T34UCF_20230823T095559_B08_10m.jp2,GTiff
.\sentinel2\fake_l2a_processing_baseline_5_09\S2B_MSIL2A_20230823T095559_N0509_R122_T34UCF_20230823T124759.SAFE\GRANULE\L2A_T34UCF_A033753_20230823T095553\IMG_DATA\R10m\T34UCF_20230823T095559_TCI_10m.jp2,GTiff
.\sentinel2\fake_l2a_processing_baseline_5_09\S2B_MSIL2A_20230823T095559_N0509_R122_T34UCF_20230823T124759.SAFE\GRANULE\L2A_T34UCF_A033753_20230823T095553\IMG_DATA\R10m\T34UCF_20230823T095559_WVP_10m.jp2,GTiff
.\sentinel2\fake_l2a_processing_baseline_5_09\S2B_MSIL2A_20230823T095559_N0509_R122_T34UCF_20230823T124759.SAFE\GRANULE\L2A_T34UCF_A033753_20230823T095553\IMG_DATA\R20m\T34UCF_20230823T095559_AOT_20m.jp2,GTiff
.\sentinel2\fake_l2a_processing_baseline_5_09\S2B_MSIL2A_20230823T095559_N0509_R122_T34UCF_20230823T124759.SAFE\GRANULE\L2A_T34UCF_A033753_20230823T095553\IMG_DATA\R20m\T34UCF_20230823T095559_B01_20m.jp2,GTiff
.\sentinel2\fake_l2a_processing_baseline_5_09\S2B_MSIL2A_20230823T095559_N0509_R122_T34UCF_20230823T124759.SAFE\GRANULE\L2A_T34UCF_A033753_20230823T095553\IMG_DATA\R20m\T34UCF_20230823T095559_B02_20m.jp2,GTiff
.\sentinel2\fake_l2a_processing_baseline_5_09\S2B_MSIL2A_20230823T095559_N0509_R122_T34UCF_20230823T124759.SAFE\GRANULE\L2A_T34UCF_A033753_20230823T095553\IMG_DATA\R20m\T34UCF_20230823T095559_B03_20m.jp2,GTiff
.\sentinel2\fake_l2a_processing_baseline_5_09\S2B_MSIL2A_20230823T095559_N0509_R122_T34UCF_20230823T124759.SAFE\GRANULE\L2A_T34UCF_A033753_20230823T095553\IMG_DATA\R20m\T34UCF_20230823T095559_B04_20m.jp2,GTiff
.\sentinel2\fake_l2a_processing_baseline_5_09\S2B_MSIL2A_20230823T095559_N0509_R122_T34UCF_20230823T124759.SAFE\GRANULE\L2A_T34UCF_A033753_20230823T095553\IMG_DATA\R20m\T34UCF_20230823T095559_B05_20m.jp2,GTiff
.\sentinel2\fake_l2a_processing_baseline_5_09\S2B_MSIL2A_20230823T095559_N0509_R122_T34UCF_20230823T124759.SAFE\GRANULE\L2A_T34UCF_A033753_20230823T095553\IMG_DATA\R20m\T34UCF_20230823T095559_B06_20m.jp2,GTiff
.\sentinel2\fake_l2a_processing_baseline_5_09\S2B_MSIL2A_20230823T095559_N0509_R122_T34UCF_20230823T124759.SAFE\GRANULE\L2A_T34UCF_A033753_20230823T095553\IMG_DATA\R20m\T34UCF_20230823T095559_B07_20m.jp2,GTiff
.\sentinel2\fake_l2a_processing_baseline_5_09\S2B_MSIL2A_20230823T095559_N0509_R122_T34UCF_20230823T124759.SAFE\GRANULE\L2A_T34UCF_A033753_20230823T095553\IMG_DATA\R20m\T34UCF_20230823T095559_B11_20m.jp2,GTiff
.\sentinel2\fake_l2a_processing_baseline_5_09\S2B_MSIL2A_20230823T095559_N0509_R122_T34UCF_20230823T124759.SAFE\GRANULE\L2A_T34UCF_A033753_20230823T095553\IMG_DATA\R20m\T34UCF_20230823T095559_B12_20m.jp2,GTiff
.\sentinel2\fake_l2a_processing_baseline_5_09\S2B_MSIL2A_20230823T095559_N0509_R122_T34UCF_20230823T124759.SAFE\GRANULE\L2A_T34UCF_A033753_20230823T095553\IMG_DATA\R20m\T34UCF_20230823T095559_B8A_20m.jp2,GTiff
.\sentinel2\fake_l2a_processing_baseline_5_09\S2B_MSIL2A_20230823T095559_N0509_R122_T34UCF_20230823T124759.SAFE\GRANULE\L2A_T34UCF_A033753_20230823T095553\IMG_DATA\R20m\T34UCF_20230823T095559_SCL_20m.jp2,GTiff
.\sentinel2\fake_l2a_processing_baseline_5_09\S2B_MSIL2A_20230823T095559_N0509_R122_T34UCF_20230823T124759.SAFE\GRANULE\L2A_T34UCF_A033753_20230823T095553\IMG_DATA\R20m\T34UCF_20230823T095559_TCI_20m.jp2,GTiff
.\sentinel2\fake_l2a_processing_baseline_5_09\S2B_MSIL2A_20230823T095559_N0509_R122_T34UCF_20230823T124759.SAFE\GRANULE\L2A_T34UCF_A033753_20230823T095553\IMG_DATA\R20m\T34UCF_20230823T095559_WVP_20m.jp2,GTiff
.\sentinel2\fake_l2a_processing_baseline_5_09\S2B_MSIL2A_20230823T095559_N0509_R122_T34UCF_20230823T124759.SAFE\GRANULE\L2A_T34UCF_A033753_20230823T095553\IMG_DATA\R60m\T34UCF_20230823T095559_AOT_60m.jp2,GTiff
.\sentinel2\fake_l2a_processing_baseline_5_09\S2B_MSIL2A_20230823T095559_N0509_R122_T34UCF_20230823T124759.SAFE\GRANULE\L2A_T34UCF_A033753_20230823T095553\IMG_DATA\R60m\T34UCF_20230823T095559_B01_60m.jp2,GTiff
.\sentinel2\fake_l2a_processing_baseline_5_09\S2B_MSIL2A_20230823T095559_N0509_R122_T34UCF_20230823T124759.SAFE\GRANULE\L2A_T34UCF_A033753_20230823T095553\IMG_DATA\R60m\T34UCF_20230823T095559_B02_60m.jp2,GTiff
.\sentinel2\fake_l2a_processing_baseline_5_09\S2B_MSIL2A_20230823T095559_N0509_R122_T34UCF_20230823T124759.SAFE\GRANULE\L2A_T34UCF_A033753_20230823T095553\IMG_DATA\R60m\T34UCF_20230823T095559_B03_60m.jp2,GTiff
.\sentinel2\fake_l2a_processing_baseline_5_09\S2B_MSIL2A_20230823T095559_N0509_R122_T34UCF_20230823T124759.SAFE\GRANULE\L2A_T34UCF_A033753_20230823T095553\IMG_DATA\R60m\T34UCF_20230823T095559_B04_60m.jp2,GTiff
.\sentinel2\fake_l2a_processing_baseline_5_09\S2B_MSIL2A_20230823T095559_N0509_R122_T34UCF_20230823T124759.SAFE\GRANULE\L2A_T34UCF_A033753_20230823T095553\IMG_DATA\R60m\T34UCF_20230823T095559_B05_60m.jp2,GTiff
.\sentinel2\fake_l2a_processing_baseline_5_09\S2B_MSIL2A_20230823T095559_N0509_R122_T34UCF_20230823T124759.SAFE\GRANULE\L2A_T34UCF_A033753_20230823T095553\IMG_DATA\R60m\T34UCF_20230823T095559_B06_60m.jp2,GTiff
.\sentinel2\fake_l2a_processing_baseline_5_09\S2B_MSIL2A_20230823T095559_N0509_R122_T34UCF_20230823T124759.SAFE\GRANULE\L2A_T34UCF_A033753_20230823T095553\IMG_DATA\R60m\T34UCF_20230823T095559_B07_60m.jp2,GTiff
.\sentinel2\fake_l2a_processing_baseline_5_09\S2B_MSIL2A_20230823T095559_N0509_R122_T34UCF_20230823T124759.SAFE\GRANULE\L2A_T34UCF_A033753_20230823T095553\IMG_DATA\R60m\T34UCF_20230823T095559_B09_60m.jp2,GTiff
.\sentinel2\fake_l2a_processing_baseline_5_09\S2B_MSIL2A_20230823T095559_N0509_R122_T34UCF_20230823T124759.SAFE\GRANULE\L2A_T34UCF_A033753_20230823T095553\IMG_DATA\R60m\T34UCF_20230823T095559_B11_60m.jp2,GTiff
.\sentinel2\fake_l2a_processing_baseline_5_09\S2B_MSIL2A_20230823T095559_N0509_R122_T34UCF_20230823T124759.SAFE\GRANULE\L2A_T34UCF_A033753_20230823T095553\IMG_DATA\R60m\T34UCF_20230823T095559_B12_60m.jp2,GTiff
.\sentinel2\fake_l2a_processing_baseline_5_09\S2B_MSIL2A_20230823T095559_N0509_R122_T34UCF_20230823T124759.SAFE\GRANULE\L2A_T34UCF_A033753_20230823T095553\IMG_DATA\R60m\T34UCF_20230823T095559_B8A_60m.jp2,GTiff
.\sentinel2\fake_l2a_processing_baseline_5_09\S2B_MSIL2A_20230823T095559_N0509_R122_T34UCF_20230823T124759.SAFE\GRANULE\L2A_T34UCF_A033753_20230823T095553\IMG_DATA\R60m\T34UCF_20230823T095559_SCL_60m.jp2,GTiff
.\sentinel2\fake_l2a_processing_baseline_5_09\S2B_MSIL2A_20230823T095559_N0509_R122_T34UCF_20230823T124759.SAFE\GRANULE\L2A_T34UCF_A033753_20230823T095553\IMG_DATA\R60m\T34UCF_20230823T095559_TCI_60m.jp2,GTiff
.\sentinel2\fake_l2a_processing_baseline_5_09\S2B_MSIL2A_20230823T095559_N0509_R122_T34UCF_20230823T124759.SAFE\GRANULE\L2A_T34UCF_A033753_20230823T095553\IMG_DATA\R60m\T34UCF_20230823T095559_WVP_60m.jp2,GTiff
.\sentinel2\fake_l2a_processing_baseline_5_09\S2B_MSIL2A_20230823T095559_N0509_R122_T34UCF_20230823T124759.SAFE\GRANULE\L2A_T34UCF_A033753_20230823T095553\QI_DATA\MSK_CLASSI_B00.jp2,GTiff
.\sentinel2\fake_l2a_processing_baseline_5_09\S2B_MSIL2A_20230823T095559_N0509_R122_T34UCF_20230823T124759.SAFE\GRANULE\L2A_T34UCF_A033753_20230823T095553\QI_DATA\MSK_CLDPRB_20m.jp2,GTiff
.\sentinel2\fake_l2a_processing_baseline_5_09\S2B_MSIL2A_20230823T095559_N0509_R122_T34UCF_20230823T124759.SAFE\GRANULE\L2A_T34UCF_A033753_20230823T095553\QI_DATA\MSK_CLDPRB_60m.jp2,GTiff
.\sentinel2\fake_l2a_processing_baseline_5_09\S2B_MSIL2A_20230823T095559_N0509_R122_T34UCF_20230823T124759.SAFE\GRANULE\L2A_T34UCF_A033753_20230823T095553\QI_DATA\MSK_DETFOO_B01.jp2,GTiff
.\sentinel2\fake_l2a_processing_baseline_5_09\S2B_MSIL2A_20230823T095559_N0509_R122_T34UCF_20230823T124759.SAFE\GRANULE\L2A_T34UCF_A033753_20230823T095553\QI_DATA\MSK_DETFOO_B02.jp2,GTiff
.\sentinel2\fake_l2a_processing_baseline_5_09\S2B_MSIL2A_20230823T095559_N0509_R122_T34UCF_20230823T124759.SAFE\GRANULE\L2A_T34UCF_A033753_20230823T095553\QI_DATA\MSK_DETFOO_B03.jp2,GTiff
.\sentinel2\fake_l2a_processing_baseline_5_09\S2B_MSIL2A_20230823T095559_N0509_R122_T34UCF_20230823T124759.SAFE\GRANULE\L2A_T34UCF_A033753_20230823T095553\QI_DATA\MSK_DETFOO_B04.jp2,GTiff
.\sentinel2\fake_l2a_processing_baseline_5_09\S2B_MSIL2A_20230823T095559_N0509_R122_T34UCF_20230823T124759.SAFE\GRANULE\L2A_T34UCF_A033753_20230823T095553\QI_DATA\MSK_DETFOO_B05.jp2,GTiff
.\sentinel2\fake_l2a_processing_baseline_5_09\S2B_MSIL2A_20230823T095559_N0509_R122_T34UCF_20230823T124759.SAFE\GRANULE\L2A_T34UCF_A033753_20230823T095553\QI_DATA\MSK_DETFOO_B06.jp2,GTiff
.\sentinel2\fake_l2a_processing_baseline_5_09\S2B_MSIL2A_20230823T095559_N0509_R122_T34UCF_20230823T124759.SAFE\GRANULE\L2A_T34UCF_A033753_20230823T095553\QI_DATA\MSK_DETFOO_B07.jp2,GTiff
.\sentinel2\fake_l2a_processing_baseline_5_09\S2B_MSIL2A_20230823T095559_N0509_R122_T34UCF_20230823T124759.SAFE\GRANULE\L2A_T34UCF_A033753_20230823T095553\QI_DATA\MSK_DETFOO_B08.jp2,GTiff
.\sentinel2\fake_l2a_processing_baseline_5_09\S2B_MSIL2A_20230823T095559_N0509_R122_T34UCF_20230823T124759.SAFE\GRANULE\L2A_T34UCF_A033753_20230823T095553\QI_DATA\MSK_DETFOO_B09.jp2,GTiff
.\sentinel2\fake_l2a_processing_baseline_5_09\S2B_MSIL2A_20230823T095559_N0509_R122_T34UCF_20230823T124759.SAFE\GRANULE\L2A_T34UCF_A033753_20230823T095553\QI_DATA\MSK_DETFOO_B10.jp2,GTiff
.\sentinel2\fake_l2a_processing_baseline_5_09\S2B_MSIL2A_20230823T095559_N0509_R122_T34UCF_20230823T124759.SAFE\GRANULE\L2A_T34UCF_A033753_20230823T095553\QI_DATA\MSK_DETFOO_B11.jp2,GTiff
.\sentinel2\fake_l2a_processing_baseline_5_09\S2B_MSIL2A_20230823T095559_N0509_R122_T34UCF_20230823T124759.SAFE\GRANULE\L2A_T34UCF_A033753_20230823T095553\QI_DATA\MSK_DETFOO_B12.jp2,GTiff
.\sentinel2\fake_l2a_processing_baseline_5_09\S2B_MSIL2A_20230823T095559_N0509_R122_T34UCF_20230823T124759.SAFE\GRANULE\L2A_T34UCF_A033753_20230823T095553\QI_DATA\MSK_DETFOO_B8A.jp2,GTiff
.\sentinel2\fake_l2a_processing_baseline_5_09\S2B_MSIL2A_20230823T095559_N0509_R122_T34UCF_20230823T124759.SAFE\GRANULE\L2A_T34UCF_A033753_20230823T095553\QI_DATA\MSK_QUALIT_B01.jp2,GTiff
.\sentinel2\fake_l2a_processing_baseline_5_09\S2B_MSIL2A_20230823T095559_N0509_R122_T34UCF_20230823T124759.SAFE\GRANULE\L2A_T34UCF_A033753_20230823T095553\QI_DATA\MSK_QUALIT_B02.jp2,GTiff
.\sentinel2\fake_l2a_processing_baseline_5_09\S2B_MSIL2A_20230823T095559_N0509_R122_T34UCF_20230823T124759.SAFE\GRANULE\L2A_T34UCF_A033753_20230823T095553\QI_DATA\MSK_QUALIT_B03.jp2,GTiff
.\sentinel2\fake_l2a_processing_baseline_5_09\S2B_MSIL2A_20230823T095559_N0509_R122_T34UCF_20230823T124759.SAFE\GRANULE\L2A_T34UCF_A033753_20230823T095553\QI_DATA\MSK_QUALIT_B04.jp2,GTiff
.\sentinel2\fake_l2a_processing_baseline_5_09\S2B_MSIL2A_20230823T095559_N0509_R122_T34UCF_20230823T124759.SAFE\GRANULE\L2A_T34UCF_A033753_20230823T095553\QI_DATA\MSK_QUALIT_B05.jp2,GTiff
.\sentinel2\fake_l2a_processing_baseline_5_09\S2B_MSIL2A_20230823T095559_N0509_R122_T34UCF_20230823T124759.SAFE\GRANULE\L2A_T34UCF_A033753_20230823T095553\QI_DATA\MSK_QUALIT_B06.jp2,GTiff
.\sentinel2\fake_l2a_processing_baseline_5_09\S2B_MSIL2A_20230823T095559_N0509_R122_T34UCF_20230823T124759.SAFE\GRANULE\L2A_T34UCF_A033753_20230823T095553\QI_DATA\MSK_QUALIT_B07.jp2,GTiff
.\sentinel2\fake_l2a_processing_baseline_5_09\S2B_MSIL2A_20230823T095559_N0509_R122_T34UCF_20230823T124759.SAFE\GRANULE\L2A_T34UCF_A033753_20230823T095553\QI_DATA\MSK_QUALIT_B08.jp2,GTiff
.\sentinel2\fake_l2a_processing_baseline_5_09\S2B_MSIL2A_20230823T095559_N0509_R122_T34UCF_20230823T124759.SAFE\GRANULE\L2A_T34UCF_A033753_20230823T095553\QI_DATA\MSK_QUALIT_B09.jp2,GTiff
.\sentinel2\fake_l2a_processing_baseline_5_09\S2B_MSIL2A_20230823T095559_N0509_R122_T34UCF_20230823T124759.SAFE\GRANULE\L2A_T34UCF_A033753_20230823T095553\QI_DATA\MSK_QUALIT_B10.jp2,GTiff
.\sentinel2\fake_l2a_processing_baseline_5_09\S2B_MSIL2A_20230823T095559_N0509_R122_T34UCF_20230823T124759.SAFE\GRANULE\L2A_T34UCF_A033753_20230823T095553\QI_DATA\MSK_QUALIT_B11.jp2,GTiff
.\sentinel2\fake_l2a_processing_baseline_5_09\S2B_MSIL2A_20230823T095559_N0509_R122_T34UCF_20230823T124759.SAFE\GRANULE\L2A_T34UCF_A033753_20230823T095553\QI_DATA\MSK_QUALIT_B12.jp2,GTiff
.\sentinel2\fake_l2a_processing_baseline_5_09\S2B_MSIL2A_20230823T095559_N0509_R122_T34UCF_20230823T124759.SAFE\GRANULE\L2A_T34UCF_A033753_20230823T095553\QI_DATA\MSK_QUALIT_B8A.jp2,GTiff
.\sentinel2\fake_l2a_processing_baseline_5_09\S2B_MSIL2A_20230823T095559_N0509_R122_T34UCF_20230823T124759.SAFE\GRANULE\L2A_T34UCF_A033753_20230823T095553\QI_DATA\MSK_SNWPRB_20m.jp2,GTiff
.\sentinel2\fake_l2a_processing_baseline_5_09\S2B_MSIL2A_20230823T095559_N0509_R122_T34UCF_20230823T124759.SAFE\GRANULE\L2A_T34UCF_A033753_20230823T095553\QI_DATA\MSK_SNWPRB_60m.jp2,GTiff
.\sentinel2\fake_l2a_processing_baseline_5_09\S2B_MSIL2A_20230823T095559_N0509_R122_T34UCF_20230823T124759.SAFE\GRANULE\L2A_T34UCF_A033753_20230823T095553\QI_DATA\T34UCF_20230823T095559_PVI.jp2,GTiff
.\sentinel2\fake_l2a_processing_baseline_5_09\S2B_MSIL2A_20230823T095559_N0509_R122_T34UCF_20230823T124759.SAFE\INSPIRE.xml,GML
.\sentinel2\fake_l2a_processing_baseline_5_09\S2B_MSIL2A_20230823T095559_N0509_R122_T34UCF_20230823T124759.SAFE\manifest.safe,GML
.\sentinel2\fake_l2a_processing_baseline_5_09\S2B_MSIL2A_20230823T095559_N0509_R122_T34UCF_20230823T124759.SAFE\MTD_MSIL2A.xml,SENTINEL2
.\sigdem\nonsquare_nad27_utm11.vrt,VRT
.\small.vrt,VRT
.\small_world.tif,GTiff
.\small_world_400pct.vrt,VRT
.\small_world_400pct_1band.vrt,VRT
.\small_world_pct.tif,GTiff
.\snodas\fake_snodas.hdr,SNODAS
.\srp\USRP_PCB0\FKUSRP01.IMG,SRP
.\srp\USRP_PCB0\TRANSH01.THF,EDIGEO
.\srp\USRP_PCB4\FKUSRP01.IMG,SRP
.\srp\USRP_PCB4\TRANSH01.THF,EDIGEO
.\srp\USRP_PCB8\FKUSRP01.IMG,SRP
.\srp\USRP_PCB8\TRANSH01.THF,EDIGEO
.\srtmplus.wcs,WCS
.\stacit\overlapping_sources.json,STACIT
.\stacit\overlapping_sources_with_nodata.json,STACIT
.\stacit\test.json,STACIT
.\stacit\test_multiple_assets.json,STACIT
.\stacit\test_page2.json,STACIT
.\stacit\test_stac_1.1.json,STACIT
.\stacta\test.json,STACTA
.\stacta\test_east_hemisphere.json,STACTA
.\stacta\test_multiple_asset_templates.json,STACTA
.\stacta\test_multiple_tms.json,STACTA
.\stacta\test_stac_1_1.json,STACTA
.\stacta\test_with_raster_extension.json,STACTA
.\stacta\test_with_raster_extension_no_eo_bands.json,STACTA
.\stacta\WorldCRS84Quad\0\0\0.tif,GTiff
.\stacta\WorldCRS84Quad\1\0\0.tif,GTiff
.\stacta\WorldCRS84Quad\2\0\0.tif,GTiff
.\stacta\WorldCRS84Quad\2\0\1.tif,GTiff
.\terragen\float32.ter,Terragen
.\test_nosrs.vrt,VRT
.\test_validate_jp2\byte.xml,GML
.\test_validate_jp2\byte_corrupted.xml,GML
.\test_validate_jp2\byte_oi.xml,GML
.\test_validate_jp2\stefan_full_rgba_oi.xml,GML
.\test_validate_jp2\utmsmall_pct_corrupted.xml,GML
.\test_validate_jp2\utmsmall_pct_oi.xml,GML
.\tga\from_ffmpeg_samples\test1g.tga,TGA
.\tga\from_ffmpeg_samples\TEST24rle.tga,TGA
.\tga\ref_test_suite\cbw8.tga,TGA
.\tga\ref_test_suite\ccm8.tga,TGA
.\tga\ref_test_suite\ctc24.tga,TGA
.\tga\ref_test_suite\ubw8.tga,TGA
.\tga\ref_test_suite\ucm8.tga,TGA
.\tga\ref_test_suite\utc16.tga,TGA
.\tga\ref_test_suite\utc24.tga,TGA
.\tga\ref_test_suite\utc32.tga,TGA
.\tga\stefan_full_rgba.tga,TGA
.\til\byte.tif,GTiff
.\til\testtil.til,TIL
.\til\testtil2.til,TIL
.\usgsdem\022gdeme_truncated,USGSDEM
.\usgsdem\114p01_0100_deme_truncated.dem,USGSDEM
.\usgsdem\39079G6_truncated.dem,USGSDEM
.\usgsdem\39109h1_truncated.dem,USGSDEM
.\usgsdem\4619old_truncated.dem,USGSDEM
.\usgsdem\crlf.dem,USGSDEM
.\usgsdem\fema06-140cm_2995441b_truncated.dem,USGSDEM
.\usgsdem\record_1025_ending_with_linefeed.dem,USGSDEM
.\usgsdem\usgsdem_with_extra_values_at_end_of_profile.dem,USGSDEM
.\usgsdem\usgsdem_with_spaces_after_byte_864.dem,USGSDEM
.\utm.tif,GTiff
.\vicar\test_vicar_truncated.bin,VICAR
.\vicar\vicar_all_ones_basic2.vic,VICAR
.\vicar\vicar_bigendian_float32.vic,VICAR
.\vicar\vicar_bigendian_int16.vic,VICAR
.\vicar\vicar_binary_prefix.vic,VICAR
.\vicar\vicar_byte.vic,VICAR
.\vicar\vicar_byte_basic.vic,VICAR
.\vicar\vicar_byte_basic2.vic,VICAR
.\vicar\vicar_cfloat32.vic,VICAR
.\vicar\vicar_float32_bil.vic,VICAR
.\vicar\vicar_float32_bip.vic,VICAR
.\vicar\vicar_float32_bsq.vic,VICAR
.\vicar\vicar_float64.vic,VICAR
.\vicar\vicar_int16.vic,VICAR
.\vicar\vicar_int16_basic2.vic,VICAR
.\vicar\vicar_int32.vic,VICAR
.\vicar\vicar_vax_cfloat32.vic,VICAR
.\vicar\vicar_vax_float32.vic,VICAR
.\vicar\vicar_vax_float64.vic,VICAR
.\vrt\arraysource_array.vrt,VRT
.\vrt\arraysource_array_constant.vrt,VRT
.\vrt\arraysource_derivedarray_getmask.vrt,VRT
.\vrt\arraysource_derivedarray_getunscaled.vrt,VRT
.\vrt\arraysource_derivedarray_grid.vrt,VRT
.\vrt\arraysource_derivedarray_no_step.vrt,VRT
.\vrt\arraysource_derivedarray_resample.vrt,VRT
.\vrt\arraysource_derivedarray_resample_options.vrt,VRT
.\vrt\arraysource_derivedarray_transpose.vrt,VRT
.\vrt\arraysource_derivedarray_view.vrt,VRT
.\vrt\arraysource_derived_expression.vrt,VRT
.\vrt\arraysource_singlesourcearray.vrt,VRT
.\vrt\arraysource_srcrect_dstrect.vrt,VRT
.\vrt\avfilt.vrt,VRT
.\vrt\avfilt_1d.vrt,VRT
.\vrt\avfilt_nodata.vrt,VRT
.\vrt\bug4997.vrt,VRT
.\vrt\bug4997_intermediary.vrt,VRT
.\vrt\bug6581.vrt,VRT
.\vrt\bug6581_src.vrt,VRT
.\vrt\byte_lut.vrt,VRT
.\vrt\geos_vrtwarp.tif,GTiff
.\vrt\geos_vrtwarp.vrt,VRT
.\vrt\lut_with_nan.vrt,VRT
.\vrt\mandelbrot.vrt,VRT
.\vrt\multidim.vrt,VRT
.\vrt\multidim_ref_multidim_vrt.vrt,VRT
.\vrt\n43_hillshade.vrt,VRT
.\vrt\processed_OutputBands_FROM_LAST_STEP.vrt,VRT
.\vrt\processed_OutputBands_FROM_LAST_STEP_with_stats.vrt,VRT
.\vrt\processed_OutputBands_FROM_LAST_STEP_with_stats_error.vrt,VRT
.\vrt\processed_OutputBands_FROM_LAST_STEP_with_stats_missing_band.vrt,VRT
.\vrt\processed_OutputBands_FROM_SOURCE.vrt,VRT
.\vrt\processed_OutputBands_FROM_SOURCE_wrong_band_count.vrt,VRT
.\vrt\processed_OutputBands_USER_PROVIDED.vrt,VRT
.\vrt\processed_OutputBands_USER_PROVIDED_invalid_type.vrt,VRT
.\vrt\processed_OutputBands_USER_PROVIDED_non_numeric_count.vrt,VRT
.\vrt\processed_OutputBands_USER_PROVIDED_too_large_count.vrt,VRT
.\vrt\python_ones.vrt,VRT
.\vrt\rgb_warp.vrt,VRT
.\vrt\test_deflate_2GB.vrt,VRT
.\vrt\test_vrt_filter_nodata.tif,GTiff
.\vrt\vrt_of_warped_vrt.vrt,VRT
.\vrt\warp_inconsistent_blockxsize.vrt,VRT
.\vrt\warp_inconsistent_blockysize.vrt,VRT
.\wcs\ArcGIS-1.0.0-non_scaled.tiff,GTiff
.\wcs\ArcGIS-1.0.0-scaled.tiff,GTiff
.\wcs\ArcGIS-1.0.0.tiff,GTiff
.\wcs\ArcGIS-1.1.0-non_scaled.tiff,GTiff
.\wcs\ArcGIS-1.1.0-scaled.tiff,GTiff
.\wcs\ArcGIS-1.1.0.tiff,GTiff
.\wcs\ArcGIS-1.1.1-non_scaled.tiff,GTiff
.\wcs\ArcGIS-1.1.1-scaled.tiff,GTiff
.\wcs\ArcGIS-1.1.1.tiff,GTiff
.\wcs\ArcGIS-1.1.2-non_scaled.tiff,GTiff
.\wcs\ArcGIS-1.1.2-scaled.tiff,GTiff
.\wcs\ArcGIS-1.1.2.tiff,GTiff
.\wcs\ArcGIS-2.0.1-non_scaled.tiff,GTiff
.\wcs\ArcGIS-2.0.1-scaled.tiff,GTiff
.\wcs\ArcGIS-2.0.1.tiff,GTiff
.\wcs\DescribeCoverage-ArcGIS-1.0.0.xml,GML
.\wcs\DescribeCoverage-ArcGIS-1.1.0.xml,GML
.\wcs\DescribeCoverage-ArcGIS-2.0.1.xml,GML
.\wcs\DescribeCoverage-GeoServer-1.0.0.xml,GML
.\wcs\DescribeCoverage-GeoServer-1.1.0.xml,GML
.\wcs\DescribeCoverage-GeoServer-1.1.1.xml,GML
.\wcs\DescribeCoverage-GeoServer-2.0.1.xml,GML
.\wcs\DescribeCoverage-GeoServer2-1.0.0.xml,GML
.\wcs\DescribeCoverage-GeoServer2-1.1.0.xml,GML
.\wcs\DescribeCoverage-GeoServer2-1.1.1.xml,GML
.\wcs\DescribeCoverage-GeoServer2-2.0.1.xml,GML
.\wcs\DescribeCoverage-MapServer-1.0.0.xml,GML
.\wcs\DescribeCoverage-MapServer-2.0.1.xml,GML
.\wcs\DescribeCoverage-Rasdaman-2.0.1.xml,GML
.\wcs\DescribeCoverage-Rasdaman2-2.0.1.xml,GML
.\wcs\DescribeCoverage-SimpleGeoServer-1.0.0.xml,GML
.\wcs\DescribeCoverage-SimpleGeoServer-1.1.0.xml,GML
.\wcs\DescribeCoverage-SimpleGeoServer-1.1.1.xml,GML
.\wcs\DescribeCoverage-SimpleGeoServer-2.0.1.xml,GML
.\wcs\GeoServer-1.0.0-non_scaled.tiff,GTiff
.\wcs\GeoServer-1.0.0-scaled.tiff,GTiff
.\wcs\GeoServer-1.0.0.tiff,GTiff
.\wcs\GeoServer-1.1.0-non_scaled.tiff,GTiff
.\wcs\GeoServer-1.1.0-scaled.tiff,GTiff
.\wcs\GeoServer-1.1.0.tiff,GTiff
.\wcs\GeoServer-1.1.1-non_scaled.tiff,GTiff
.\wcs\GeoServer-1.1.1-scaled.tiff,GTiff
.\wcs\GeoServer-1.1.1.tiff,GTiff
.\wcs\GeoServer-2.0.1-non_scaled.tiff,GTiff
.\wcs\GeoServer-2.0.1-scaled.tiff,GTiff
.\wcs\GeoServer-2.0.1.tiff,GTiff
.\wcs\GeoServer2-1.0.0-non_scaled.tiff,GTiff
.\wcs\GeoServer2-1.0.0-scaled.tiff,GTiff
.\wcs\GeoServer2-1.0.0.tiff,GTiff
.\wcs\GeoServer2-1.1.0-non_scaled.tiff,GTiff
.\wcs\GeoServer2-1.1.0-scaled.tiff,GTiff
.\wcs\GeoServer2-1.1.0.tiff,GTiff
.\wcs\GeoServer2-1.1.1-non_scaled.tiff,GTiff
.\wcs\GeoServer2-1.1.1-scaled.tiff,GTiff
.\wcs\GeoServer2-1.1.1.tiff,GTiff
.\wcs\GeoServer2-2.0.1-non_scaled.tiff,GTiff
.\wcs\GeoServer2-2.0.1-scaled.tiff,GTiff
.\wcs\GeoServer2-2.0.1.tiff,GTiff
.\wcs\GetCapabilities-ArcGIS-1.0.0.xml,GML
.\wcs\GetCapabilities-ArcGIS-2.0.1.xml,GML
.\wcs\GetCapabilities-GeoServer-1.0.0.xml,GML
.\wcs\GetCapabilities-GeoServer-1.1.0.xml,GML
.\wcs\GetCapabilities-GeoServer-1.1.1.xml,GML
.\wcs\GetCapabilities-GeoServer-2.0.1.xml,GML
.\wcs\GetCapabilities-MapServer-1.0.0.xml,GML
.\wcs\GetCapabilities-MapServer-2.0.1.xml,GML
.\wcs\GetCapabilities-Rasdaman-2.0.1.xml,GML
.\wcs\MapServer-1.0.0-non_scaled.tiff,GTiff
.\wcs\MapServer-1.0.0-scaled.tiff,GTiff
.\wcs\MapServer-1.0.0.tiff,GTiff
.\wcs\MapServer-1.1.0-non_scaled.tiff,GTiff
.\wcs\MapServer-1.1.0-scaled.tiff,GTiff
.\wcs\MapServer-1.1.0.tiff,GTiff
.\wcs\MapServer-1.1.1-non_scaled.tiff,GTiff
.\wcs\MapServer-1.1.1-scaled.tiff,GTiff
.\wcs\MapServer-1.1.1.tiff,GTiff
.\wcs\MapServer-1.1.2-non_scaled.tiff,GTiff
.\wcs\MapServer-1.1.2-scaled.tiff,GTiff
.\wcs\MapServer-1.1.2.tiff,GTiff
.\wcs\MapServer-2.0.1-non_scaled.tiff,GTiff
.\wcs\MapServer-2.0.1-scaled.tiff,GTiff
.\wcs\MapServer-2.0.1.tiff,GTiff
.\wcs\Rasdaman-2.0.1-non_scaled.tiff,GTiff
.\wcs\Rasdaman-2.0.1-scaled.tiff,GTiff
.\wcs\Rasdaman-2.0.1.tiff,GTiff
.\wcs\Rasdaman2-2.0.1-non_scaled.tiff,GTiff
.\wcs\Rasdaman2-2.0.1-scaled.tiff,GTiff
.\wcs\Rasdaman2-2.0.1.tiff,GTiff
.\wcs\SimpleGeoServer-1.0.0-non_scaled.tiff,GTiff
.\wcs\SimpleGeoServer-1.0.0-scaled.tiff,GTiff
.\wcs\SimpleGeoServer-1.0.0.tiff,GTiff
.\wcs\SimpleGeoServer-1.1.0-non_scaled.tiff,GTiff
.\wcs\SimpleGeoServer-1.1.0-scaled.tiff,GTiff
.\wcs\SimpleGeoServer-1.1.0.tiff,GTiff
.\wcs\SimpleGeoServer-1.1.1-non_scaled.tiff,GTiff
.\wcs\SimpleGeoServer-1.1.1-scaled.tiff,GTiff
.\wcs\SimpleGeoServer-1.1.1.tiff,GTiff
.\wcs\SimpleGeoServer-2.0.1-non_scaled.tiff,GTiff
.\wcs\SimpleGeoServer-2.0.1-scaled.tiff,GTiff
.\wcs\SimpleGeoServer-2.0.1.tiff,GTiff
.\webp\rgbsmall.webp,WEBP
.\webp\rgbsmall_with_xmp.webp,WEBP
.\wms\demo_mapserver_org.xml,WMS
.\wms\DNEC_250K.vrt,VRT
.\wms\EX_GeographicBoundingBox_caps.xml,WMS
.\wms\frmt_wms_openstreetmap_tms.xml,WMS
.\wms\gibs_twms.xml,WMS
.\wms\gray+alpha.png,PNG
.\wms\gray.png,PNG
.\wms\pal.png,PNG
.\wms\pop_wms.xml,WMS
.\wms\rgb.png,PNG
.\wms\rgba.png,PNG
.\wms\test_wms.txt,WMS
.\wmts\clip_WGS84BoundingBox_with_tilematrix.xml,WMTS
.\wmts\WMTSCapabilities.xml,WMTS
.\wmts\WMTSCapabilities_THEMIS_NightIR_ControlledMosaics_100m_v2_oct2018.xml,WMTS
.\zarr\array_attrs.zarr,Zarr
.\zarr\array_dimensions.zarr,Zarr
.\zarr\array_dimensions_upper_level.zarr,Zarr
.\zarr\bitround0.zarr,Zarr
.\zarr\blosc.zarr,Zarr
.\zarr\byte_cf1.zarr,Zarr
.\zarr\byte_cf1.zr3,Zarr
.\zarr\compound_complex.zarr,Zarr
.\zarr\compound_not_aligned.zarr,Zarr
.\zarr\compound_well_aligned.zarr,Zarr
.\zarr\delta_filter_i4.zarr,Zarr
.\zarr\empty.zarr,Zarr
.\zarr\f2_be.zarr,Zarr
.\zarr\f2_le.zarr,Zarr
.\zarr\fixedscaleoffset_dtype_f4_astype_u1.zarr,Zarr
.\zarr\fixedscaleoffset_dtype_f8_astype_f4.zarr,Zarr
.\zarr\fixedscaleoffset_dtype_f8_astype_u1.zarr,Zarr
.\zarr\fixedscaleoffset_dtype_f8_astype_u2.zarr,Zarr
.\zarr\fixedscaleoffset_dtype_f8_astype_u4.zarr,Zarr
.\zarr\group.zarr,Zarr
.\zarr\group_with_zmetadata.zarr,Zarr
.\zarr\gzip.zarr,Zarr
.\zarr\kerchunk_json\json_ref_v0_min\ref.json,Zarr
.\zarr\kerchunk_json\json_ref_v1_min\ref.json,Zarr
.\zarr\kerchunk_parquet\parquet_ref_0_dim\.zmetadata,Zarr
.\zarr\kerchunk_parquet\parquet_ref_0_dim_inline_content\.zmetadata,Zarr
.\zarr\kerchunk_parquet\parquet_ref_0_dim_missing_size\.zmetadata,Zarr
.\zarr\kerchunk_parquet\parquet_ref_0_dim_path_dot_dot\.zmetadata,Zarr
.\zarr\kerchunk_parquet\parquet_ref_2_dim\.zmetadata,Zarr
.\zarr\kerchunk_parquet\parquet_ref_2_dim\ar\refs.0.parq.csv,CSV
.\zarr\kerchunk_parquet\parquet_ref_2_dim\ar\refs.0.parq.vrt,OGR_VRT
.\zarr\kerchunk_parquet\parquet_ref_2_dim\ar\refs.1.parq.csv,CSV
.\zarr\kerchunk_parquet\parquet_ref_2_dim\ar\refs.1.parq.vrt,OGR_VRT
.\zarr\kerchunk_parquet\parquet_ref_invalid_parquet_struct\.zmetadata,Zarr
.\zarr\kerchunk_parquet\parquet_ref_min\.zmetadata,Zarr
.\zarr\lz4.zarr,Zarr
.\zarr\lzma.zarr,Zarr
.\zarr\lzma_with_filters.zarr,Zarr
.\zarr\nczarr_v2.zarr,Zarr
.\zarr\order_f_s3.zarr,Zarr
.\zarr\order_f_u1.zarr,Zarr
.\zarr\order_f_u1_3d.zarr,Zarr
.\zarr\order_f_u2.zarr,Zarr
.\zarr\order_f_u4.zarr,Zarr
.\zarr\order_f_u8.zarr,Zarr
.\zarr\poc_14543,Zarr
.\zarr\quantize.zarr,Zarr
.\zarr\shuffle.zarr,Zarr
.\zarr\uint16_imagecodecs_tiff.zarr,Zarr
.\zarr\uint16_imagecodecs_tiff_inconsistent_size.zarr,Zarr
.\zarr\uint16_imagecodecs_tiff_invalid_tiff.zarr,Zarr
.\zarr\uint16_imagecodecs_tiff_too_many_bands.zarr,Zarr
.\zarr\unicode_be.zarr,Zarr
.\zarr\unicode_le.zarr,Zarr
.\zarr\v3\f2_be.zarr,Zarr
.\zarr\v3\f2_le.zarr,Zarr
.\zarr\v3\fixed_length_utf32.zarr,Zarr
.\zarr\v3\gzip.zarr,Zarr
.\zarr\v3\nested_sharding.zarr,Zarr
.\zarr\v3\null_terminated_bytes.zarr,Zarr
.\zarr\v3\order_f_u2.zarr,Zarr
.\zarr\v3\pcodec_float16.zarr,Zarr
.\zarr\v3\pcodec_float32.zarr,Zarr
.\zarr\v3\pcodec_float64.zarr,Zarr
.\zarr\v3\pcodec_int16.zarr,Zarr
.\zarr\v3\pcodec_int32.zarr,Zarr
.\zarr\v3\pcodec_int64.zarr,Zarr
.\zarr\v3\pcodec_uint16.zarr,Zarr
.\zarr\v3\pcodec_uint32.zarr,Zarr
.\zarr\v3\pcodec_uint64.zarr,Zarr
.\zarr\v3\root_level_multiscales,Zarr
.\zarr\v3\sharded_3d.zarr,Zarr
.\zarr\v3\sharded_null_terminated_bytes.zarr,Zarr
.\zarr\v3\sharding_big_endian.zarr,Zarr
.\zarr\v3\sharding_big_endian_then_byte_byte_codec.zarr,Zarr
.\zarr\v3\sharding_fill_value.zarr,Zarr
.\zarr\v3\sharding_little_endian_then_byte_byte_codec.zarr,Zarr
.\zarr\v3\sharding_with_crc32_then_byte_byte_codec.zarr,Zarr
.\zarr\v3\sharing_too_small_data_file,Zarr
.\zarr\v3\simple_multiscales,Zarr
.\zarr\v3\simple_multiscales_ref_array,Zarr
.\zarr\v3\simple_multiscales_spatial,Zarr
.\zarr\v3\simple_sharding.zarr,Zarr
.\zarr\v3\spatial_geotransform.zarr,Zarr
.\zarr\v3\spatial_proj_at_array_level.zarr,Zarr
.\zarr\v3\spatial_proj_at_parent_level.zarr,Zarr
.\zarr\v3\spatial_proj_convention_at_root_level.zarr,Zarr
.\zarr\v3\test.zr3,Zarr
.\zarr\v3\test_deprecated_no_codecs.zr3,Zarr
.\zarr\v3\transposed_sharding.zarr,Zarr
.\zarr\v3\vlen_utf8.zarr,Zarr
.\zarr\v3\vlen_utf8_zstd.zarr,Zarr
.\zarr\zarr_with_stac_proj_epsg.zarr,Zarr
.\zarr\zarr_with_stac_proj_wkt2.zarr,Zarr
.\zarr\zlib.zarr,Zarr
.\zarr\zstd.zarr,Zarr
